id,Category,fit_shape,length,sleeve_length,sleeve_styling
25837,Kurtis,,calf length,three-quarter sleeves,regular
25956,Kurtis,,calf length,sleeveless,sleeveless
25966,Kurtis,,calf length,three-quarter sleeves,regular
25968,Kurtis,,calf length,three-quarter sleeves,regular
26040,Kurtis,a-line,,three-quarter sleeves,regular
26063,Kurtis,,calf length,three-quarter sleeves,regular
26129,Kurtis,,calf length,three-quarter sleeves,regular
26213,Kurtis,,knee length,three-quarter sleeves,regular
26214,Kurtis,,calf length,three-quarter sleeves,regular
26276,Kurtis,,calf length,three-quarter sleeves,regular
26277,Kurtis,,calf length,three-quarter sleeves,regular
26359,Kurtis,,calf length,sleeveless,sleeveless
26381,Kurtis,,calf length,three-quarter sleeves,regular
26416,Kurtis,,calf length,three-quarter sleeves,regular
26420,Kurtis,,calf length,three-quarter sleeves,regular
26432,Kurtis,,calf length,three-quarter sleeves,regular
26442,Kurtis,,calf length,three-quarter sleeves,regular
26455,Kurtis,,calf length,three-quarter sleeves,regular
26460,Kurtis,,calf length,sleeveless,sleeveless
26476,Kurtis,,calf length,sleeveless,sleeveless
26482,Kurtis,,calf length,sleeveless,sleeveless
26499,Kurtis,a-line,knee length,three-quarter sleeves,
26500,Kurtis,a-line,knee length,three-quarter sleeves,
26508,Kurtis,,calf length,sleeveless,sleeveless
26516,Kurtis,,calf length,sleeveless,sleeveless
26517,Kurtis,,calf length,three-quarter sleeves,regular
26527,Kurtis,,calf length,sleeveless,sleeveless
26546,Kurtis,,calf length,sleeveless,sleeveless
26547,Kurtis,,calf length,sleeveless,sleeveless
26548,Kurtis,,calf length,sleeveless,sleeveless
26560,Kurtis,,knee length,three-quarter sleeves,regular
26568,Kurtis,,knee length,three-quarter sleeves,regular
26570,Kurtis,,calf length,sleeveless,sleeveless
26670,Kurtis,a-line,calf length,,regular
26672,Kurtis,a-line,calf length,,regular
26674,Kurtis,a-line,knee length,,regular
26683,Kurtis,a-line,,three-quarter sleeves,regular
26877,Kurtis,,calf length,three-quarter sleeves,regular
26878,Kurtis,,calf length,three-quarter sleeves,regular
26965,Kurtis,a-line,,sleeveless,regular
26973,Kurtis,,calf length,three-quarter sleeves,regular
26977,Kurtis,,calf length,three-quarter sleeves,regular
26982,Kurtis,,calf length,three-quarter sleeves,regular
27006,Kurtis,,calf length,three-quarter sleeves,regular
27008,Kurtis,,calf length,three-quarter sleeves,regular
27009,Kurtis,,calf length,three-quarter sleeves,regular
27011,Kurtis,a-line,,three-quarter sleeves,regular
27015,Kurtis,a-line,,three-quarter sleeves,regular
27021,Kurtis,,calf length,three-quarter sleeves,regular
27022,Kurtis,,calf length,three-quarter sleeves,regular
27031,Kurtis,,calf length,three-quarter sleeves,regular
27033,Kurtis,,calf length,three-quarter sleeves,regular
27034,Kurtis,,calf length,three-quarter sleeves,regular
27041,Kurtis,,calf length,three-quarter sleeves,regular
27042,Kurtis,,calf length,three-quarter sleeves,regular
27044,Kurtis,,calf length,three-quarter sleeves,regular
27045,Kurtis,,calf length,three-quarter sleeves,regular
27048,Kurtis,,calf length,sleeveless,sleeveless
27056,Kurtis,,calf length,three-quarter sleeves,regular
27059,Kurtis,,calf length,sleeveless,sleeveless
27060,Kurtis,,calf length,sleeveless,sleeveless
27071,Kurtis,,calf length,sleeveless,sleeveless
27077,Kurtis,,calf length,sleeveless,sleeveless
27078,Kurtis,,calf length,sleeveless,sleeveless
27083,Kurtis,,calf length,three-quarter sleeves,regular
27089,Kurtis,,calf length,three-quarter sleeves,regular
27090,Kurtis,,calf length,sleeveless,sleeveless
27091,Kurtis,,calf length,sleeveless,sleeveless
27093,Kurtis,,calf length,sleeveless,sleeveless
27094,Kurtis,,calf length,three-quarter sleeves,regular
27095,Kurtis,,calf length,three-quarter sleeves,regular
27120,Kurtis,,calf length,sleeveless,sleeveless
27126,Kurtis,,calf length,three-quarter sleeves,regular
27127,Kurtis,,calf length,sleeveless,sleeveless
27137,Kurtis,,calf length,sleeveless,sleeveless
27138,Kurtis,,calf length,sleeveless,sleeveless
27139,Kurtis,,calf length,sleeveless,sleeveless
27140,Kurtis,,calf length,sleeveless,sleeveless
27143,Kurtis,,calf length,sleeveless,sleeveless
27235,Kurtis,,calf length,short sleeves,regular
27241,Kurtis,,knee length,three-quarter sleeves,regular
27248,Kurtis,,knee length,three-quarter sleeves,regular
27344,Kurtis,,calf length,three-quarter sleeves,regular
27351,Kurtis,,calf length,three-quarter sleeves,regular
27355,Kurtis,,calf length,three-quarter sleeves,regular
27372,Kurtis,,knee length,three-quarter sleeves,regular
27389,Kurtis,,calf length,three-quarter sleeves,regular
27404,Kurtis,,calf length,three-quarter sleeves,regular
27405,Kurtis,,calf length,three-quarter sleeves,regular
27419,Kurtis,,calf length,three-quarter sleeves,regular
27478,Kurtis,,calf length,three-quarter sleeves,regular
27481,Kurtis,a-line,calf length,three-quarter sleeves,
27573,Kurtis,,calf length,three-quarter sleeves,regular
27575,Kurtis,,calf length,three-quarter sleeves,regular
27599,Kurtis,,calf length,three-quarter sleeves,regular
27626,Kurtis,a-line,,three-quarter sleeves,regular
27636,Kurtis,,calf length,three-quarter sleeves,regular
27661,Kurtis,,calf length,three-quarter sleeves,regular
27669,Kurtis,,calf length,three-quarter sleeves,regular
27686,Kurtis,,calf length,three-quarter sleeves,regular
27697,Kurtis,a-line,,three-quarter sleeves,regular
27715,Kurtis,,calf length,three-quarter sleeves,regular
27743,Kurtis,,calf length,three-quarter sleeves,regular
27745,Kurtis,,calf length,three-quarter sleeves,regular
27791,Kurtis,a-line,,three-quarter sleeves,regular
27793,Kurtis,a-line,,three-quarter sleeves,regular
27798,Kurtis,a-line,,three-quarter sleeves,regular
27814,Kurtis,a-line,,three-quarter sleeves,regular
27815,Kurtis,a-line,,three-quarter sleeves,regular
27825,Kurtis,a-line,,three-quarter sleeves,regular
27929,Kurtis,a-line,,three-quarter sleeves,regular
28025,Kurtis,a-line,,three-quarter sleeves,regular
28075,Kurtis,a-line,,three-quarter sleeves,regular
28157,Kurtis,a-line,,three-quarter sleeves,regular
28227,Kurtis,a-line,,three-quarter sleeves,regular
28237,Kurtis,a-line,,three-quarter sleeves,regular
28239,Kurtis,a-line,,three-quarter sleeves,regular
28264,Kurtis,a-line,,three-quarter sleeves,regular
28265,Kurtis,a-line,,three-quarter sleeves,regular
28266,Kurtis,a-line,,three-quarter sleeves,regular
28267,Kurtis,a-line,,three-quarter sleeves,regular
28268,Kurtis,a-line,,three-quarter sleeves,regular
28271,Kurtis,a-line,,three-quarter sleeves,regular
28272,Kurtis,a-line,,three-quarter sleeves,regular
28273,Kurtis,a-line,,three-quarter sleeves,regular
28287,Kurtis,a-line,,three-quarter sleeves,regular
28301,Kurtis,a-line,,three-quarter sleeves,regular
28304,Kurtis,a-line,,three-quarter sleeves,regular
28305,Kurtis,a-line,,three-quarter sleeves,regular
28313,Kurtis,a-line,,three-quarter sleeves,regular
28322,Kurtis,a-line,,three-quarter sleeves,regular
28323,Kurtis,a-line,,three-quarter sleeves,regular
28325,Kurtis,a-line,,three-quarter sleeves,regular
28329,Kurtis,a-line,,three-quarter sleeves,regular
28335,Kurtis,a-line,,three-quarter sleeves,regular
28336,Kurtis,a-line,,three-quarter sleeves,regular
28337,Kurtis,a-line,,three-quarter sleeves,regular
28339,Kurtis,a-line,,three-quarter sleeves,regular
28342,Kurtis,a-line,,three-quarter sleeves,regular
28344,Kurtis,a-line,,three-quarter sleeves,regular
28345,Kurtis,a-line,,three-quarter sleeves,regular
28357,Kurtis,,knee length,three-quarter sleeves,regular
28361,Kurtis,a-line,,three-quarter sleeves,regular
28362,Kurtis,straight,,short sleeves,regular
28380,Kurtis,,knee length,three-quarter sleeves,regular
28383,Kurtis,,calf length,three-quarter sleeves,regular
28384,Kurtis,,knee length,sleeveless,sleeveless
28389,Kurtis,,calf length,three-quarter sleeves,regular
28411,Kurtis,,calf length,three-quarter sleeves,regular
28428,Kurtis,,calf length,three-quarter sleeves,regular
28429,Kurtis,a-line,,sleeveless,sleeveless
28432,Kurtis,,knee length,three-quarter sleeves,regular
28439,Kurtis,,calf length,three-quarter sleeves,regular
28444,Kurtis,,calf length,three-quarter sleeves,regular
28450,Kurtis,,knee length,three-quarter sleeves,regular
28455,Kurtis,a-line,,sleeveless,sleeveless
28457,Kurtis,a-line,,three-quarter sleeves,regular
28468,Kurtis,,calf length,three-quarter sleeves,regular
28469,Kurtis,,calf length,three-quarter sleeves,regular
28474,Kurtis,,calf length,three-quarter sleeves,regular
28475,Kurtis,a-line,,three-quarter sleeves,regular
28482,Kurtis,,knee length,short sleeves,regular
28484,Kurtis,a-line,,three-quarter sleeves,regular
28487,Kurtis,,knee length,three-quarter sleeves,regular
28498,Kurtis,,calf length,three-quarter sleeves,regular
28500,Kurtis,a-line,,three-quarter sleeves,regular
28502,Kurtis,,calf length,three-quarter sleeves,regular
28508,Kurtis,,calf length,sleeveless,sleeveless
28531,Kurtis,a-line,,short sleeves,regular
28543,Kurtis,a-line,,three-quarter sleeves,regular
28562,Kurtis,a-line,,three-quarter sleeves,regular
28590,Kurtis,a-line,,three-quarter sleeves,regular
28594,Kurtis,a-line,,short sleeves,regular
28606,Kurtis,a-line,,three-quarter sleeves,regular
28609,Kurtis,a-line,,short sleeves,regular
28639,Kurtis,straight,,three-quarter sleeves,regular
28662,Kurtis,,knee length,short sleeves,regular
28669,Kurtis,a-line,,three-quarter sleeves,regular
28674,Kurtis,a-line,,three-quarter sleeves,regular
28675,Kurtis,,calf length,three-quarter sleeves,regular
28683,Kurtis,,knee length,three-quarter sleeves,regular
28700,Kurtis,,calf length,three-quarter sleeves,regular
28703,Kurtis,a-line,,three-quarter sleeves,regular
28709,Kurtis,a-line,,three-quarter sleeves,regular
28712,Kurtis,,knee length,three-quarter sleeves,regular
28726,Kurtis,,calf length,three-quarter sleeves,regular
28732,Kurtis,straight,,three-quarter sleeves,regular
28754,Kurtis,a-line,,sleeveless,sleeveless
28760,Kurtis,,calf length,three-quarter sleeves,regular
28761,Kurtis,,knee length,three-quarter sleeves,regular
28771,Kurtis,a-line,,three-quarter sleeves,regular
28772,Kurtis,,calf length,three-quarter sleeves,regular
28786,Kurtis,straight,,three-quarter sleeves,regular
28832,Kurtis,,calf length,three-quarter sleeves,regular
28894,Kurtis,a-line,,three-quarter sleeves,regular
28896,Kurtis,a-line,,three-quarter sleeves,regular
28898,Kurtis,,knee length,three-quarter sleeves,regular
28967,Kurtis,,calf length,three-quarter sleeves,regular
28971,Kurtis,a-line,,three-quarter sleeves,regular
29060,Kurtis,a-line,,three-quarter sleeves,regular
29097,Kurtis,,knee length,three-quarter sleeves,regular
29127,Kurtis,straight,,three-quarter sleeves,regular
29131,Kurtis,a-line,,three-quarter sleeves,regular
29187,Kurtis,straight,,three-quarter sleeves,regular
29224,Kurtis,a-line,,three-quarter sleeves,regular
29443,Kurtis,straight,,three-quarter sleeves,regular
29446,Kurtis,a-line,,short sleeves,regular
29546,Kurtis,,knee length,short sleeves,regular
51385,Women Tops & Tunics,regular,regular,long sleeves,
51428,Women Tops & Tunics,fitted,regular,short sleeves,
51429,Women Tops & Tunics,fitted,regular,short sleeves,
51478,Women Tops & Tunics,regular,crop,sleeveless,
51483,Women Tops & Tunics,default,,three-quarter sleeves,regular sleeves
51510,Women Tops & Tunics,fitted,regular,short sleeves,
51528,Women Tops & Tunics,regular,regular,short sleeves,
51539,Women Tops & Tunics,default,,long sleeves,regular sleeves
51579,Women Tops & Tunics,regular,regular,short sleeves,
51585,Women Tops & Tunics,default,regular,short sleeves,
51598,Women Tops & Tunics,fitted,regular,short sleeves,
51621,Women Tops & Tunics,regular,crop,short sleeves,
51634,Women Tops & Tunics,fitted,regular,three-quarter sleeves,
51653,Women Tops & Tunics,fitted,regular,three-quarter sleeves,
51656,Women Tops & Tunics,regular,regular,short sleeves,
51663,Women Tops & Tunics,regular,,short sleeves,regular sleeves
51669,Women Tops & Tunics,fitted,regular,short sleeves,
51680,Women Tops & Tunics,regular,crop,short sleeves,
51684,Women Tops & Tunics,fitted,regular,short sleeves,
51693,Women Tops & Tunics,fitted,crop,short sleeves,
51703,Women Tops & Tunics,default,regular,short sleeves,
51712,Women Tops & Tunics,fitted,regular,long sleeves,
51719,Women Tops & Tunics,fitted,regular,three-quarter sleeves,
51721,Women Tops & Tunics,regular,regular,long sleeves,
51725,Women Tops & Tunics,fitted,regular,short sleeves,
51728,Women Tops & Tunics,fitted,regular,short sleeves,
51743,Women Tops & Tunics,fitted,regular,three-quarter sleeves,
51763,Women Tops & Tunics,default,,three-quarter sleeves,regular sleeves
51780,Women Tops & Tunics,fitted,regular,long sleeves,
51825,Women Tops & Tunics,fitted,regular,short sleeves,
51886,Women Tops & Tunics,fitted,regular,short sleeves,
51894,Women Tops & Tunics,fitted,regular,short sleeves,
51897,Women Tops & Tunics,fitted,regular,short sleeves,
51908,Women Tops & Tunics,fitted,regular,short sleeves,
51916,Women Tops & Tunics,fitted,regular,short sleeves,
51926,Women Tops & Tunics,fitted,regular,short sleeves,
52026,Women Tops & Tunics,fitted,regular,short sleeves,
52032,Women Tops & Tunics,fitted,regular,short sleeves,
52038,Women Tops & Tunics,default,regular,long sleeves,
52053,Women Tops & Tunics,fitted,regular,three-quarter sleeves,
52063,Women Tops & Tunics,fitted,regular,short sleeves,
52070,Women Tops & Tunics,fitted,regular,short sleeves,
52071,Women Tops & Tunics,fitted,regular,short sleeves,
52089,Women Tops & Tunics,fitted,regular,short sleeves,
52091,Women Tops & Tunics,fitted,regular,short sleeves,
52098,Women Tops & Tunics,fitted,regular,short sleeves,
52152,Women Tops & Tunics,fitted,crop,short sleeves,
52179,Women Tops & Tunics,fitted,regular,long sleeves,
52180,Women Tops & Tunics,default,regular,long sleeves,
52218,Women Tops & Tunics,fitted,regular,short sleeves,
52220,Women Tops & Tunics,fitted,regular,short sleeves,
52276,Women Tops & Tunics,default,regular,short sleeves,
52287,Women Tops & Tunics,fitted,regular,short sleeves,
52312,Women Tops & Tunics,regular,regular,short sleeves,
52320,Women Tops & Tunics,fitted,regular,short sleeves,
52373,Women Tops & Tunics,fitted,regular,three-quarter sleeves,
52374,Women Tops & Tunics,fitted,regular,short sleeves,
52387,Women Tops & Tunics,regular,regular,short sleeves,
52399,Women Tops & Tunics,fitted,regular,short sleeves,
52435,Women Tops & Tunics,fitted,regular,short sleeves,
52486,Women Tops & Tunics,fitted,regular,three-quarter sleeves,
52519,Women Tops & Tunics,fitted,regular,short sleeves,
52536,Women Tops & Tunics,fitted,regular,short sleeves,
52539,Women Tops & Tunics,fitted,regular,three-quarter sleeves,
52550,Women Tops & Tunics,fitted,regular,short sleeves,
52554,Women Tops & Tunics,default,,three-quarter sleeves,regular sleeves
52564,Women Tops & Tunics,fitted,regular,three-quarter sleeves,
52573,Women Tops & Tunics,fitted,regular,short sleeves,
52606,Women Tops & Tunics,regular,,long sleeves,regular sleeves
52619,Women Tops & Tunics,fitted,regular,three-quarter sleeves,
52627,Women Tops & Tunics,fitted,regular,short sleeves,
52694,Women Tops & Tunics,fitted,regular,three-quarter sleeves,
52709,Women Tops & Tunics,fitted,regular,short sleeves,
52711,Women Tops & Tunics,fitted,regular,three-quarter sleeves,
52716,Women Tops & Tunics,fitted,regular,short sleeves,
52801,Women Tops & Tunics,fitted,regular,short sleeves,
52818,Women Tops & Tunics,fitted,regular,short sleeves,
52825,Women Tops & Tunics,regular,regular,short sleeves,
52863,Women Tops & Tunics,fitted,regular,three-quarter sleeves,
52906,Women Tops & Tunics,fitted,regular,short sleeves,
52965,Women Tops & Tunics,default,,long sleeves,regular sleeves
52970,Women Tops & Tunics,fitted,regular,short sleeves,
52983,Women Tops & Tunics,fitted,regular,short sleeves,
52990,Women Tops & Tunics,default,,long sleeves,regular sleeves
53022,Women Tops & Tunics,fitted,regular,short sleeves,
53087,Women Tops & Tunics,fitted,regular,short sleeves,
53099,Women Tops & Tunics,fitted,regular,short sleeves,
53109,Women Tops & Tunics,fitted,regular,short sleeves,
53118,Women Tops & Tunics,fitted,regular,long sleeves,
53165,Women Tops & Tunics,default,,long sleeves,regular sleeves
53191,Women Tops & Tunics,fitted,regular,short sleeves,
53231,Women Tops & Tunics,fitted,regular,three-quarter sleeves,
53240,Women Tops & Tunics,fitted,regular,short sleeves,
53271,Women Tops & Tunics,fitted,regular,three-quarter sleeves,
53305,Women Tops & Tunics,fitted,regular,short sleeves,
53325,Women Tops & Tunics,fitted,regular,three-quarter sleeves,
53356,Women Tops & Tunics,fitted,regular,three-quarter sleeves,
53381,Women Tops & Tunics,fitted,regular,short sleeves,
53396,Women Tops & Tunics,fitted,crop,three-quarter sleeves,
53413,Women Tops & Tunics,fitted,regular,short sleeves,
53435,Women Tops & Tunics,regular,regular,short sleeves,
53442,Women Tops & Tunics,fitted,regular,short sleeves,
53473,Women Tops & Tunics,fitted,regular,three-quarter sleeves,
53474,Women Tops & Tunics,regular,regular,short sleeves,
53523,Women Tops & Tunics,,regular,short sleeves,default
53529,Women Tops & Tunics,fitted,regular,short sleeves,
53531,Women Tops & Tunics,fitted,regular,short sleeves,
53547,Women Tops & Tunics,fitted,regular,short sleeves,
53558,Women Tops & Tunics,default,regular,long sleeves,
53655,Women Tops & Tunics,fitted,regular,short sleeves,
53656,Women Tops & Tunics,fitted,regular,short sleeves,
53659,Women Tops & Tunics,fitted,regular,short sleeves,
53674,Women Tops & Tunics,fitted,regular,short sleeves,
53680,Women Tops & Tunics,default,,long sleeves,regular sleeves
53687,Women Tops & Tunics,fitted,regular,three-quarter sleeves,
53689,Women Tops & Tunics,fitted,regular,three-quarter sleeves,
53704,Women Tops & Tunics,fitted,regular,short sleeves,
53752,Women Tops & Tunics,regular,regular,short sleeves,
53801,Women Tops & Tunics,default,regular,long sleeves,
53806,Women Tops & Tunics,fitted,regular,short sleeves,
53814,Women Tops & Tunics,fitted,regular,short sleeves,
53842,Women Tops & Tunics,regular,crop,short sleeves,
53855,Women Tops & Tunics,fitted,regular,long sleeves,
53879,Women Tops & Tunics,fitted,regular,three-quarter sleeves,
53893,Women Tops & Tunics,,regular,short sleeves,regular sleeves
53919,Women Tops & Tunics,default,crop,short sleeves,
53953,Women Tops & Tunics,fitted,crop,short sleeves,
53972,Women Tops & Tunics,fitted,regular,short sleeves,
53993,Women Tops & Tunics,fitted,regular,three-quarter sleeves,
54012,Women Tops & Tunics,fitted,regular,short sleeves,
54014,Women Tops & Tunics,default,,three-quarter sleeves,regular sleeves
54047,Women Tops & Tunics,fitted,regular,short sleeves,
54053,Women Tops & Tunics,default,,long sleeves,regular sleeves
54067,Women Tops & Tunics,fitted,regular,three-quarter sleeves,
54097,Women Tops & Tunics,fitted,regular,short sleeves,
54116,Women Tops & Tunics,fitted,regular,short sleeves,
54136,Women Tops & Tunics,default,regular,three-quarter sleeves,
54190,Women Tops & Tunics,fitted,regular,short sleeves,
54194,Women Tops & Tunics,fitted,regular,short sleeves,
54222,Women Tops & Tunics,fitted,regular,short sleeves,
54240,Women Tops & Tunics,fitted,regular,short sleeves,
54275,Women Tops & Tunics,fitted,regular,short sleeves,
54295,Women Tops & Tunics,fitted,regular,short sleeves,
54302,Women Tops & Tunics,regular,regular,short sleeves,
54307,Women Tops & Tunics,fitted,regular,short sleeves,
54348,Women Tops & Tunics,default,regular,short sleeves,
54354,Women Tops & Tunics,fitted,regular,short sleeves,
54355,Women Tops & Tunics,fitted,regular,short sleeves,
54361,Women Tops & Tunics,fitted,regular,short sleeves,
54378,Women Tops & Tunics,fitted,regular,short sleeves,
54404,Women Tops & Tunics,fitted,regular,short sleeves,
54413,Women Tops & Tunics,fitted,regular,short sleeves,
54417,Women Tops & Tunics,default,,long sleeves,regular sleeves
54424,Women Tops & Tunics,fitted,regular,short sleeves,
54463,Women Tops & Tunics,regular,regular,short sleeves,
54466,Women Tops & Tunics,fitted,regular,short sleeves,
54483,Women Tops & Tunics,default,,three-quarter sleeves,regular sleeves
54487,Women Tops & Tunics,fitted,regular,short sleeves,
54513,Women Tops & Tunics,fitted,regular,short sleeves,
54574,Women Tops & Tunics,fitted,regular,long sleeves,
54577,Women Tops & Tunics,fitted,regular,three-quarter sleeves,
54634,Women Tops & Tunics,regular,regular,long sleeves,
54661,Women Tops & Tunics,fitted,regular,three-quarter sleeves,
54690,Women Tops & Tunics,regular,regular,short sleeves,
54749,Women Tops & Tunics,fitted,regular,short sleeves,
54753,Women Tops & Tunics,fitted,regular,short sleeves,
54756,Women Tops & Tunics,fitted,crop,short sleeves,
54768,Women Tops & Tunics,fitted,regular,short sleeves,
54775,Women Tops & Tunics,fitted,regular,short sleeves,
54791,Women Tops & Tunics,fitted,regular,three-quarter sleeves,
54801,Women Tops & Tunics,fitted,regular,short sleeves,
54827,Women Tops & Tunics,fitted,regular,short sleeves,
54864,Women Tops & Tunics,fitted,regular,short sleeves,
54873,Women Tops & Tunics,default,,long sleeves,regular sleeves
54895,Women Tops & Tunics,fitted,regular,short sleeves,
54903,Women Tops & Tunics,fitted,regular,short sleeves,
54926,Women Tops & Tunics,regular,crop,short sleeves,
54944,Women Tops & Tunics,fitted,regular,short sleeves,
54951,Women Tops & Tunics,fitted,regular,three-quarter sleeves,
54962,Women Tops & Tunics,fitted,regular,short sleeves,
54970,Women Tops & Tunics,default,crop,long sleeves,
55002,Women Tops & Tunics,fitted,regular,short sleeves,
55028,Women Tops & Tunics,fitted,regular,short sleeves,
55032,Women Tops & Tunics,fitted,regular,short sleeves,
55049,Women Tops & Tunics,fitted,,long sleeves,regular sleeves
55068,Women Tops & Tunics,fitted,regular,short sleeves,
55148,Women Tops & Tunics,regular,crop,short sleeves,
55181,Women Tops & Tunics,default,crop,long sleeves,
55189,Women Tops & Tunics,regular,regular,short sleeves,
55194,Women Tops & Tunics,fitted,regular,short sleeves,
55197,Women Tops & Tunics,fitted,regular,short sleeves,
55309,Women Tops & Tunics,fitted,regular,short sleeves,
55353,Women Tops & Tunics,fitted,regular,three-quarter sleeves,
55354,Women Tops & Tunics,fitted,regular,short sleeves,
55396,Women Tops & Tunics,fitted,regular,three-quarter sleeves,
55428,Women Tops & Tunics,fitted,regular,three-quarter sleeves,
55456,Women Tops & Tunics,regular,regular,long sleeves,
55475,Women Tops & Tunics,fitted,regular,three-quarter sleeves,
55477,Women Tops & Tunics,fitted,regular,short sleeves,
55478,Women Tops & Tunics,regular,regular,short sleeves,
55580,Women Tops & Tunics,fitted,regular,short sleeves,
55610,Women Tops & Tunics,fitted,regular,short sleeves,
55629,Women Tops & Tunics,fitted,regular,short sleeves,
55649,Women Tops & Tunics,fitted,regular,short sleeves,
55661,Women Tops & Tunics,fitted,regular,short sleeves,
55673,Women Tops & Tunics,fitted,regular,three-quarter sleeves,
55690,Women Tops & Tunics,fitted,crop,short sleeves,
55727,Women Tops & Tunics,regular,regular,three-quarter sleeves,
55737,Women Tops & Tunics,default,regular,long sleeves,
55747,Women Tops & Tunics,fitted,regular,long sleeves,
55756,Women Tops & Tunics,fitted,regular,short sleeves,
55773,Women Tops & Tunics,fitted,regular,short sleeves,
55832,Women Tops & Tunics,regular,regular,short sleeves,
55853,Women Tops & Tunics,fitted,regular,short sleeves,
55883,Women Tops & Tunics,default,regular,three-quarter sleeves,
55888,Women Tops & Tunics,fitted,regular,short sleeves,
55916,Women Tops & Tunics,fitted,regular,short sleeves,
55940,Women Tops & Tunics,fitted,regular,short sleeves,
55943,Women Tops & Tunics,fitted,crop,short sleeves,
55985,Women Tops & Tunics,fitted,regular,short sleeves,
55996,Women Tops & Tunics,fitted,regular,short sleeves,
56000,Women Tops & Tunics,default,regular,short sleeves,
56011,Women Tops & Tunics,fitted,regular,short sleeves,
56082,Women Tops & Tunics,fitted,regular,short sleeves,
56083,Women Tops & Tunics,default,,long sleeves,regular sleeves
56088,Women Tops & Tunics,fitted,regular,short sleeves,
56091,Women Tops & Tunics,fitted,regular,three-quarter sleeves,
56102,Women Tops & Tunics,fitted,regular,long sleeves,
56109,Women Tops & Tunics,default,regular,long sleeves,
56125,Women Tops & Tunics,regular,regular,short sleeves,
56126,Women Tops & Tunics,default,,long sleeves,regular sleeves
56145,Women Tops & Tunics,fitted,crop,three-quarter sleeves,
56159,Women Tops & Tunics,fitted,regular,three-quarter sleeves,
56168,Women Tops & Tunics,fitted,regular,short sleeves,
56189,Women Tops & Tunics,fitted,regular,short sleeves,
56231,Women Tops & Tunics,regular,regular,short sleeves,
56261,Women Tops & Tunics,regular,regular,short sleeves,
56265,Women Tops & Tunics,regular,regular,short sleeves,
56267,Women Tops & Tunics,fitted,regular,three-quarter sleeves,
56287,Women Tops & Tunics,fitted,regular,short sleeves,
56295,Women Tops & Tunics,default,,three-quarter sleeves,regular sleeves
56296,Women Tops & Tunics,fitted,regular,long sleeves,
56414,Women Tops & Tunics,regular,,short sleeves,regular sleeves
56447,Women Tops & Tunics,fitted,regular,short sleeves,
56483,Women Tops & Tunics,regular,regular,short sleeves,
56486,Women Tops & Tunics,regular,regular,short sleeves,
56494,Women Tops & Tunics,fitted,regular,short sleeves,
56523,Women Tops & Tunics,regular,crop,short sleeves,
56535,Women Tops & Tunics,fitted,regular,short sleeves,
56565,Women Tops & Tunics,fitted,regular,three-quarter sleeves,
56607,Women Tops & Tunics,fitted,regular,short sleeves,
56610,Women Tops & Tunics,fitted,regular,short sleeves,
56634,Women Tops & Tunics,regular,regular,long sleeves,
56668,Women Tops & Tunics,fitted,regular,short sleeves,
56715,Women Tops & Tunics,default,regular,three-quarter sleeves,
56722,Women Tops & Tunics,fitted,regular,short sleeves,
56783,Women Tops & Tunics,fitted,regular,short sleeves,
56786,Women Tops & Tunics,fitted,regular,short sleeves,
56792,Women Tops & Tunics,fitted,regular,short sleeves,
56820,Women Tops & Tunics,fitted,crop,short sleeves,
56834,Women Tops & Tunics,default,crop,short sleeves,
56837,Women Tops & Tunics,fitted,regular,long sleeves,
56842,Women Tops & Tunics,default,crop,short sleeves,
56882,Women Tops & Tunics,fitted,regular,short sleeves,
56889,Women Tops & Tunics,fitted,regular,short sleeves,
56916,Women Tops & Tunics,fitted,regular,short sleeves,
56964,Women Tops & Tunics,fitted,regular,short sleeves,
56969,Women Tops & Tunics,fitted,regular,short sleeves,
56988,Women Tops & Tunics,default,,three-quarter sleeves,regular sleeves
57016,Women Tops & Tunics,default,regular,short sleeves,
57057,Women Tops & Tunics,regular,regular,short sleeves,
57113,Women Tops & Tunics,regular,regular,short sleeves,
57116,Women Tops & Tunics,regular,crop,short sleeves,
57172,Women Tops & Tunics,fitted,regular,short sleeves,
57178,Women Tops & Tunics,regular,crop,short sleeves,
57212,Women Tops & Tunics,fitted,regular,short sleeves,
57224,Women Tops & Tunics,fitted,regular,three-quarter sleeves,
57227,Women Tops & Tunics,fitted,crop,short sleeves,
57233,Women Tops & Tunics,fitted,regular,short sleeves,
57251,Women Tops & Tunics,regular,regular,long sleeves,
57265,Women Tops & Tunics,fitted,regular,three-quarter sleeves,
57275,Women Tops & Tunics,fitted,regular,three-quarter sleeves,
57304,Women Tops & Tunics,fitted,regular,three-quarter sleeves,
57344,Women Tops & Tunics,regular,regular,short sleeves,
57347,Women Tops & Tunics,fitted,regular,short sleeves,
57350,Women Tops & Tunics,default,,long sleeves,regular sleeves
57370,Women Tops & Tunics,regular,regular,long sleeves,
57388,Women Tops & Tunics,fitted,regular,short sleeves,
57426,Women Tops & Tunics,fitted,regular,short sleeves,
57435,Women Tops & Tunics,regular,regular,long sleeves,
57436,Women Tops & Tunics,fitted,regular,short sleeves,
57438,Women Tops & Tunics,fitted,regular,short sleeves,
57462,Women Tops & Tunics,fitted,regular,short sleeves,
57479,Women Tops & Tunics,fitted,regular,short sleeves,
57485,Women Tops & Tunics,fitted,regular,three-quarter sleeves,
57502,Women Tops & Tunics,fitted,regular,short sleeves,
57504,Women Tops & Tunics,fitted,regular,short sleeves,
57555,Women Tops & Tunics,fitted,regular,short sleeves,
57572,Women Tops & Tunics,fitted,regular,short sleeves,
57581,Women Tops & Tunics,default,regular,long sleeves,
57584,Women Tops & Tunics,regular,regular,short sleeves,
57596,Women Tops & Tunics,fitted,regular,short sleeves,
57626,Women Tops & Tunics,fitted,regular,short sleeves,
57678,Women Tops & Tunics,fitted,regular,short sleeves,
57687,Women Tops & Tunics,fitted,regular,short sleeves,
57690,Women Tops & Tunics,fitted,regular,short sleeves,
57763,Women Tops & Tunics,fitted,regular,short sleeves,
57788,Women Tops & Tunics,fitted,regular,short sleeves,
57790,Women Tops & Tunics,fitted,regular,short sleeves,
57812,Women Tops & Tunics,fitted,regular,short sleeves,
57834,Women Tops & Tunics,default,crop,short sleeves,
57836,Women Tops & Tunics,fitted,regular,short sleeves,
57846,Women Tops & Tunics,fitted,regular,short sleeves,
57898,Women Tops & Tunics,fitted,regular,short sleeves,
57912,Women Tops & Tunics,fitted,regular,short sleeves,
57949,Women Tops & Tunics,fitted,regular,short sleeves,
57981,Women Tops & Tunics,fitted,regular,short sleeves,
57991,Women Tops & Tunics,fitted,regular,three-quarter sleeves,
58001,Women Tops & Tunics,fitted,regular,long sleeves,
58012,Women Tops & Tunics,fitted,regular,three-quarter sleeves,
58042,Women Tops & Tunics,fitted,regular,short sleeves,
58053,Women Tops & Tunics,fitted,regular,short sleeves,
58101,Women Tops & Tunics,fitted,regular,three-quarter sleeves,
58132,Women Tops & Tunics,fitted,regular,short sleeves,
58170,Women Tops & Tunics,fitted,regular,short sleeves,
58207,Women Tops & Tunics,fitted,regular,short sleeves,
58239,Women Tops & Tunics,fitted,regular,three-quarter sleeves,
58330,Women Tops & Tunics,default,,long sleeves,regular sleeves
58343,Women Tops & Tunics,fitted,regular,short sleeves,
58375,Women Tops & Tunics,fitted,regular,short sleeves,
58398,Women Tops & Tunics,fitted,regular,short sleeves,
58410,Women Tops & Tunics,fitted,crop,short sleeves,
58440,Women Tops & Tunics,fitted,regular,three-quarter sleeves,
58463,Women Tops & Tunics,default,,long sleeves,regular sleeves
58483,Women Tops & Tunics,fitted,regular,short sleeves,
58546,Women Tops & Tunics,fitted,regular,three-quarter sleeves,
58554,Women Tops & Tunics,regular,regular,long sleeves,
58594,Women Tops & Tunics,fitted,regular,short sleeves,
58599,Women Tops & Tunics,fitted,regular,short sleeves,
58606,Women Tops & Tunics,fitted,regular,short sleeves,
58621,Women Tops & Tunics,fitted,regular,short sleeves,
58631,Women Tops & Tunics,fitted,regular,three-quarter sleeves,
58634,Women Tops & Tunics,fitted,regular,short sleeves,
58656,Women Tops & Tunics,fitted,regular,short sleeves,
58694,Women Tops & Tunics,fitted,regular,short sleeves,
58710,Women Tops & Tunics,fitted,regular,short sleeves,
58717,Women Tops & Tunics,fitted,regular,short sleeves,
58730,Women Tops & Tunics,fitted,regular,long sleeves,
58741,Women Tops & Tunics,fitted,regular,short sleeves,
58749,Women Tops & Tunics,fitted,regular,short sleeves,
58767,Women Tops & Tunics,fitted,regular,short sleeves,
58800,Women Tops & Tunics,fitted,regular,three-quarter sleeves,
58805,Women Tops & Tunics,fitted,regular,three-quarter sleeves,
58839,Women Tops & Tunics,fitted,regular,short sleeves,
58844,Women Tops & Tunics,fitted,regular,short sleeves,
58847,Women Tops & Tunics,fitted,regular,short sleeves,
58871,Women Tops & Tunics,fitted,regular,short sleeves,
58895,Women Tops & Tunics,fitted,regular,short sleeves,
58929,Women Tops & Tunics,fitted,regular,short sleeves,
58930,Women Tops & Tunics,fitted,regular,short sleeves,
58932,Women Tops & Tunics,regular,crop,,regular sleeves
58943,Women Tops & Tunics,fitted,regular,three-quarter sleeves,
59041,Women Tops & Tunics,fitted,regular,short sleeves,
59053,Women Tops & Tunics,regular,regular,short sleeves,
59058,Women Tops & Tunics,fitted,regular,short sleeves,
59063,Women Tops & Tunics,regular,regular,three-quarter sleeves,
59080,Women Tops & Tunics,default,regular,long sleeves,
59086,Women Tops & Tunics,fitted,regular,short sleeves,
59087,Women Tops & Tunics,fitted,regular,short sleeves,
59099,Women Tops & Tunics,regular,regular,three-quarter sleeves,
59104,Women Tops & Tunics,regular,regular,short sleeves,
59107,Women Tops & Tunics,default,,three-quarter sleeves,regular sleeves
59135,Women Tops & Tunics,regular,regular,short sleeves,
59147,Women Tops & Tunics,fitted,regular,three-quarter sleeves,
59159,Women Tops & Tunics,fitted,regular,long sleeves,
59200,Women Tops & Tunics,fitted,regular,short sleeves,
59205,Women Tops & Tunics,fitted,regular,short sleeves,
59210,Women Tops & Tunics,fitted,regular,short sleeves,
59212,Women Tops & Tunics,fitted,regular,short sleeves,
59234,Women Tops & Tunics,fitted,regular,short sleeves,
59254,Women Tops & Tunics,fitted,regular,short sleeves,
59267,Women Tops & Tunics,fitted,regular,short sleeves,
59268,Women Tops & Tunics,fitted,regular,short sleeves,
59270,Women Tops & Tunics,fitted,regular,three-quarter sleeves,
59308,Women Tops & Tunics,fitted,regular,three-quarter sleeves,
59310,Women Tops & Tunics,fitted,regular,short sleeves,
59331,Women Tops & Tunics,fitted,regular,short sleeves,
59333,Women Tops & Tunics,fitted,regular,short sleeves,
59348,Women Tops & Tunics,fitted,regular,short sleeves,
59414,Women Tops & Tunics,fitted,regular,short sleeves,
59429,Women Tops & Tunics,fitted,regular,short sleeves,
59447,Women Tops & Tunics,fitted,regular,short sleeves,
59461,Women Tops & Tunics,fitted,regular,short sleeves,
59492,Women Tops & Tunics,fitted,regular,three-quarter sleeves,
59510,Women Tops & Tunics,regular,regular,short sleeves,
59551,Women Tops & Tunics,fitted,regular,short sleeves,
59557,Women Tops & Tunics,fitted,regular,three-quarter sleeves,
59563,Women Tops & Tunics,fitted,regular,three-quarter sleeves,
59571,Women Tops & Tunics,fitted,regular,short sleeves,
59575,Women Tops & Tunics,regular,regular,three-quarter sleeves,
59592,Women Tops & Tunics,fitted,regular,three-quarter sleeves,
59599,Women Tops & Tunics,fitted,regular,long sleeves,
59614,Women Tops & Tunics,fitted,regular,short sleeves,
59629,Women Tops & Tunics,fitted,regular,long sleeves,
59674,Women Tops & Tunics,fitted,regular,short sleeves,
59684,Women Tops & Tunics,fitted,regular,short sleeves,
59691,Women Tops & Tunics,regular,regular,short sleeves,
59694,Women Tops & Tunics,fitted,regular,short sleeves,
59704,Women Tops & Tunics,fitted,regular,short sleeves,
59727,Women Tops & Tunics,fitted,regular,short sleeves,
59752,Women Tops & Tunics,fitted,regular,short sleeves,
59762,Women Tops & Tunics,fitted,regular,short sleeves,
59827,Women Tops & Tunics,fitted,regular,short sleeves,
59841,Women Tops & Tunics,fitted,regular,short sleeves,
59843,Women Tops & Tunics,default,,three-quarter sleeves,regular sleeves
59862,Women Tops & Tunics,fitted,regular,short sleeves,
59976,Women Tops & Tunics,fitted,regular,three-quarter sleeves,
59993,Women Tops & Tunics,regular,regular,short sleeves,
60042,Women Tops & Tunics,fitted,regular,short sleeves,
60045,Women Tops & Tunics,fitted,regular,short sleeves,
60049,Women Tops & Tunics,fitted,regular,short sleeves,
60052,Women Tops & Tunics,fitted,regular,short sleeves,
60122,Women Tops & Tunics,fitted,regular,short sleeves,
60141,Women Tops & Tunics,fitted,regular,short sleeves,
60156,Women Tops & Tunics,fitted,regular,long sleeves,
60189,Women Tops & Tunics,fitted,regular,short sleeves,
60190,Women Tops & Tunics,fitted,regular,short sleeves,
60241,Women Tops & Tunics,fitted,regular,short sleeves,
60282,Women Tops & Tunics,fitted,regular,short sleeves,
60290,Women Tops & Tunics,fitted,regular,short sleeves,
60302,Women Tops & Tunics,regular,regular,short sleeves,
60314,Women Tops & Tunics,fitted,regular,short sleeves,
60342,Women Tops & Tunics,fitted,regular,short sleeves,
60358,Women Tops & Tunics,fitted,regular,three-quarter sleeves,
60387,Women Tops & Tunics,fitted,regular,short sleeves,
60401,Women Tops & Tunics,regular,regular,short sleeves,
60510,Women Tops & Tunics,fitted,regular,three-quarter sleeves,
60530,Women Tops & Tunics,default,,short sleeves,regular sleeves
60531,Women Tops & Tunics,default,,three-quarter sleeves,regular sleeves
60543,Women Tops & Tunics,fitted,regular,short sleeves,
60567,Women Tops & Tunics,fitted,regular,short sleeves,
60579,Women Tops & Tunics,default,,long sleeves,regular sleeves
60588,Women Tops & Tunics,fitted,regular,short sleeves,
60602,Women Tops & Tunics,fitted,regular,short sleeves,
60609,Women Tops & Tunics,fitted,regular,short sleeves,
60626,Women Tops & Tunics,fitted,regular,short sleeves,
60630,Women Tops & Tunics,fitted,regular,short sleeves,
60638,Women Tops & Tunics,fitted,crop,three-quarter sleeves,
60649,Women Tops & Tunics,regular,regular,three-quarter sleeves,
60652,Women Tops & Tunics,regular,regular,short sleeves,
60670,Women Tops & Tunics,regular,regular,short sleeves,
60674,Women Tops & Tunics,fitted,regular,short sleeves,
60703,Women Tops & Tunics,fitted,regular,short sleeves,
60716,Women Tops & Tunics,fitted,regular,short sleeves,
60719,Women Tops & Tunics,fitted,regular,short sleeves,
60720,Women Tops & Tunics,fitted,regular,three-quarter sleeves,
60727,Women Tops & Tunics,fitted,regular,short sleeves,
60746,Women Tops & Tunics,fitted,regular,three-quarter sleeves,
60818,Women Tops & Tunics,fitted,regular,short sleeves,
60825,Women Tops & Tunics,fitted,regular,short sleeves,
60838,Women Tops & Tunics,fitted,regular,three-quarter sleeves,
60884,Women Tops & Tunics,fitted,regular,short sleeves,
60926,Women Tops & Tunics,fitted,regular,short sleeves,
60937,Women Tops & Tunics,fitted,regular,short sleeves,
60945,Women Tops & Tunics,fitted,regular,short sleeves,
60955,Women Tops & Tunics,fitted,regular,short sleeves,
60958,Women Tops & Tunics,default,,three-quarter sleeves,regular sleeves
60985,Women Tops & Tunics,fitted,regular,three-quarter sleeves,
61004,Women Tops & Tunics,fitted,regular,short sleeves,
61011,Women Tops & Tunics,fitted,regular,long sleeves,
61074,Women Tops & Tunics,fitted,regular,short sleeves,
61122,Women Tops & Tunics,fitted,regular,short sleeves,
61130,Women Tops & Tunics,fitted,regular,short sleeves,
61232,Women Tops & Tunics,default,crop,short sleeves,
61248,Women Tops & Tunics,regular,regular,short sleeves,
61252,Women Tops & Tunics,fitted,regular,three-quarter sleeves,
61359,Women Tops & Tunics,fitted,regular,three-quarter sleeves,
61364,Women Tops & Tunics,default,,three-quarter sleeves,regular sleeves
61370,Women Tops & Tunics,fitted,regular,short sleeves,
61379,Women Tops & Tunics,fitted,regular,short sleeves,
61406,Women Tops & Tunics,fitted,regular,short sleeves,
61475,Women Tops & Tunics,fitted,regular,short sleeves,
61503,Women Tops & Tunics,fitted,regular,three-quarter sleeves,
61506,Women Tops & Tunics,default,,long sleeves,regular sleeves
61515,Women Tops & Tunics,fitted,regular,short sleeves,
61519,Women Tops & Tunics,regular,regular,short sleeves,
61544,Women Tops & Tunics,regular,regular,long sleeves,
61560,Women Tops & Tunics,regular,regular,short sleeves,
61602,Women Tops & Tunics,fitted,regular,short sleeves,
61607,Women Tops & Tunics,fitted,regular,short sleeves,
61651,Women Tops & Tunics,fitted,crop,three-quarter sleeves,
61662,Women Tops & Tunics,fitted,regular,short sleeves,
61721,Women Tops & Tunics,fitted,regular,short sleeves,
61749,Women Tops & Tunics,fitted,regular,short sleeves,
61752,Women Tops & Tunics,default,crop,short sleeves,
61754,Women Tops & Tunics,,crop,short sleeves,regular sleeves
61770,Women Tops & Tunics,regular,regular,short sleeves,
61791,Women Tops & Tunics,fitted,regular,short sleeves,
61818,Women Tops & Tunics,regular,regular,three-quarter sleeves,
61819,Women Tops & Tunics,default,regular,long sleeves,
61952,Women Tops & Tunics,fitted,regular,long sleeves,
61959,Women Tops & Tunics,fitted,regular,short sleeves,
61973,Women Tops & Tunics,fitted,regular,short sleeves,
62033,Women Tops & Tunics,default,,long sleeves,regular sleeves
62088,Women Tops & Tunics,fitted,regular,short sleeves,
62090,Women Tops & Tunics,fitted,regular,short sleeves,
62118,Women Tops & Tunics,fitted,regular,short sleeves,
62134,Women Tops & Tunics,default,,long sleeves,regular sleeves
62153,Women Tops & Tunics,default,,three-quarter sleeves,regular sleeves
62175,Women Tops & Tunics,fitted,regular,three-quarter sleeves,
62179,Women Tops & Tunics,fitted,regular,short sleeves,
62182,Women Tops & Tunics,fitted,regular,three-quarter sleeves,
62223,Women Tops & Tunics,fitted,regular,short sleeves,
62227,Women Tops & Tunics,fitted,regular,short sleeves,
62230,Women Tops & Tunics,fitted,crop,short sleeves,
62314,Women Tops & Tunics,fitted,regular,short sleeves,
62317,Women Tops & Tunics,regular,regular,short sleeves,
62319,Women Tops & Tunics,default,crop,short sleeves,
62410,Women Tops & Tunics,default,,three-quarter sleeves,regular sleeves
62412,Women Tops & Tunics,fitted,regular,short sleeves,
62423,Women Tops & Tunics,fitted,regular,short sleeves,
62432,Women Tops & Tunics,fitted,regular,three-quarter sleeves,
62440,Women Tops & Tunics,fitted,crop,short sleeves,
62446,Women Tops & Tunics,regular,regular,short sleeves,
62522,Women Tops & Tunics,default,,long sleeves,regular sleeves
62536,Women Tops & Tunics,regular,regular,short sleeves,
62555,Women Tops & Tunics,fitted,regular,short sleeves,
62617,Women Tops & Tunics,fitted,regular,short sleeves,
62658,Women Tops & Tunics,fitted,regular,short sleeves,
62678,Women Tops & Tunics,fitted,regular,three-quarter sleeves,
62703,Women Tops & Tunics,fitted,regular,short sleeves,
62721,Women Tops & Tunics,fitted,regular,short sleeves,
62730,Women Tops & Tunics,regular,regular,short sleeves,
62771,Women Tops & Tunics,fitted,regular,three-quarter sleeves,
62780,Women Tops & Tunics,fitted,regular,three-quarter sleeves,
62826,Women Tops & Tunics,fitted,regular,three-quarter sleeves,
62835,Women Tops & Tunics,fitted,regular,short sleeves,
62836,Women Tops & Tunics,fitted,regular,short sleeves,
62841,Women Tops & Tunics,fitted,regular,short sleeves,
62848,Women Tops & Tunics,fitted,regular,short sleeves,
62853,Women Tops & Tunics,fitted,regular,long sleeves,
62867,Women Tops & Tunics,fitted,regular,short sleeves,
62883,Women Tops & Tunics,fitted,regular,three-quarter sleeves,
62907,Women Tops & Tunics,fitted,regular,long sleeves,
62916,Women Tops & Tunics,fitted,regular,short sleeves,
62941,Women Tops & Tunics,fitted,regular,short sleeves,
62980,Women Tops & Tunics,fitted,regular,three-quarter sleeves,
62992,Women Tops & Tunics,default,,three-quarter sleeves,regular sleeves
63049,Women Tops & Tunics,fitted,regular,short sleeves,
63050,Women Tops & Tunics,fitted,regular,short sleeves,
63059,Women Tops & Tunics,fitted,regular,short sleeves,
63077,Women Tops & Tunics,fitted,regular,three-quarter sleeves,
63098,Women Tops & Tunics,fitted,regular,short sleeves,
63104,Women Tops & Tunics,fitted,regular,short sleeves,
63123,Women Tops & Tunics,fitted,crop,short sleeves,
63127,Women Tops & Tunics,fitted,regular,long sleeves,
63183,Women Tops & Tunics,fitted,regular,three-quarter sleeves,
63193,Women Tops & Tunics,fitted,regular,short sleeves,
63207,Women Tops & Tunics,default,,three-quarter sleeves,regular sleeves
63209,Women Tops & Tunics,default,,three-quarter sleeves,regular sleeves
63233,Women Tops & Tunics,fitted,crop,short sleeves,
63238,Women Tops & Tunics,regular,regular,short sleeves,
63240,Women Tops & Tunics,default,,long sleeves,regular sleeves
63247,Women Tops & Tunics,fitted,regular,short sleeves,
63301,Women Tops & Tunics,default,,long sleeves,regular sleeves
63311,Women Tops & Tunics,fitted,regular,three-quarter sleeves,
63319,Women Tops & Tunics,regular,regular,short sleeves,
63331,Women Tops & Tunics,fitted,regular,short sleeves,
63333,Women Tops & Tunics,fitted,regular,short sleeves,
63343,Women Tops & Tunics,fitted,regular,short sleeves,
63353,Women Tops & Tunics,regular,regular,three-quarter sleeves,
63359,Women Tops & Tunics,fitted,regular,short sleeves,
63363,Women Tops & Tunics,fitted,regular,short sleeves,
63377,Women Tops & Tunics,fitted,regular,three-quarter sleeves,
63385,Women Tops & Tunics,default,,three-quarter sleeves,regular sleeves
63399,Women Tops & Tunics,fitted,regular,short sleeves,
63460,Women Tops & Tunics,default,,three-quarter sleeves,regular sleeves
63472,Women Tops & Tunics,fitted,regular,three-quarter sleeves,
63483,Women Tops & Tunics,fitted,regular,short sleeves,
63498,Women Tops & Tunics,fitted,regular,short sleeves,
63516,Women Tops & Tunics,fitted,regular,short sleeves,
63524,Women Tops & Tunics,fitted,regular,three-quarter sleeves,
63593,Women Tops & Tunics,fitted,regular,short sleeves,
63614,Women Tops & Tunics,fitted,regular,long sleeves,
63615,Women Tops & Tunics,default,,long sleeves,regular sleeves
63623,Women Tops & Tunics,fitted,regular,short sleeves,
63634,Women Tops & Tunics,fitted,regular,short sleeves,
63671,Women Tops & Tunics,fitted,regular,short sleeves,
63706,Women Tops & Tunics,fitted,regular,short sleeves,
63727,Women Tops & Tunics,regular,regular,short sleeves,
63735,Women Tops & Tunics,fitted,regular,long sleeves,
63742,Women Tops & Tunics,default,,three-quarter sleeves,regular sleeves
63744,Women Tops & Tunics,fitted,regular,short sleeves,
63748,Women Tops & Tunics,fitted,regular,three-quarter sleeves,
63770,Women Tops & Tunics,fitted,regular,short sleeves,
63805,Women Tops & Tunics,fitted,regular,short sleeves,
63927,Women Tops & Tunics,fitted,regular,short sleeves,
63953,Women Tops & Tunics,fitted,regular,short sleeves,
63967,Women Tops & Tunics,regular,regular,short sleeves,
63987,Women Tops & Tunics,fitted,regular,short sleeves,
64013,Women Tops & Tunics,fitted,regular,three-quarter sleeves,
64157,Women Tops & Tunics,fitted,regular,short sleeves,
64176,Women Tops & Tunics,fitted,regular,short sleeves,
64184,Women Tops & Tunics,regular,crop,short sleeves,
64207,Women Tops & Tunics,default,regular,short sleeves,
64212,Women Tops & Tunics,fitted,regular,short sleeves,
64224,Women Tops & Tunics,fitted,regular,short sleeves,
64248,Women Tops & Tunics,fitted,regular,short sleeves,
64411,Women Tops & Tunics,fitted,regular,three-quarter sleeves,
64438,Women Tops & Tunics,fitted,regular,short sleeves,
64446,Women Tops & Tunics,fitted,regular,short sleeves,
64496,Women Tops & Tunics,fitted,crop,short sleeves,
64521,Women Tops & Tunics,fitted,regular,short sleeves,
64524,Women Tops & Tunics,fitted,regular,short sleeves,
64536,Women Tops & Tunics,fitted,regular,short sleeves,
64549,Women Tops & Tunics,fitted,regular,short sleeves,
64555,Women Tops & Tunics,fitted,regular,short sleeves,
64595,Women Tops & Tunics,regular,regular,short sleeves,
64630,Women Tops & Tunics,fitted,regular,short sleeves,
64661,Women Tops & Tunics,,crop,short sleeves,regular sleeves
64672,Women Tops & Tunics,fitted,regular,short sleeves,
64689,Women Tops & Tunics,fitted,regular,short sleeves,
64697,Women Tops & Tunics,fitted,regular,short sleeves,
64711,Women Tops & Tunics,fitted,regular,three-quarter sleeves,
64722,Women Tops & Tunics,fitted,regular,short sleeves,
64748,Women Tops & Tunics,default,,long sleeves,regular sleeves
64754,Women Tops & Tunics,fitted,regular,short sleeves,
64757,Women Tops & Tunics,regular,regular,short sleeves,
64766,Women Tops & Tunics,fitted,regular,long sleeves,
64767,Women Tops & Tunics,regular,regular,long sleeves,
64779,Women Tops & Tunics,fitted,regular,short sleeves,
64809,Women Tops & Tunics,fitted,regular,short sleeves,
64818,Women Tops & Tunics,regular,regular,long sleeves,
64837,Women Tops & Tunics,fitted,regular,short sleeves,
64860,Women Tops & Tunics,regular,regular,short sleeves,
64863,Women Tops & Tunics,fitted,regular,long sleeves,
64895,Women Tops & Tunics,fitted,regular,three-quarter sleeves,
64914,Women Tops & Tunics,fitted,regular,short sleeves,
64918,Women Tops & Tunics,regular,crop,short sleeves,
64931,Women Tops & Tunics,fitted,regular,short sleeves,
64934,Women Tops & Tunics,fitted,regular,long sleeves,
64939,Women Tops & Tunics,regular,regular,short sleeves,
64960,Women Tops & Tunics,fitted,regular,short sleeves,
64989,Women Tops & Tunics,fitted,crop,short sleeves,
64993,Women Tops & Tunics,fitted,regular,short sleeves,
65017,Women Tops & Tunics,fitted,regular,short sleeves,
65026,Women Tops & Tunics,default,,three-quarter sleeves,regular sleeves
65061,Women Tops & Tunics,,crop,short sleeves,regular sleeves
65072,Women Tops & Tunics,fitted,regular,short sleeves,
65094,Women Tops & Tunics,fitted,regular,three-quarter sleeves,
65132,Women Tops & Tunics,fitted,regular,short sleeves,
65138,Women Tops & Tunics,fitted,regular,short sleeves,
65177,Women Tops & Tunics,default,,three-quarter sleeves,regular sleeves
65235,Women Tops & Tunics,fitted,regular,short sleeves,
65242,Women Tops & Tunics,fitted,regular,short sleeves,
65259,Women Tops & Tunics,fitted,crop,long sleeves,
65304,Women Tops & Tunics,fitted,regular,short sleeves,
65314,Women Tops & Tunics,fitted,regular,short sleeves,
65322,Women Tops & Tunics,fitted,regular,short sleeves,
65337,Women Tops & Tunics,fitted,regular,short sleeves,
65350,Women Tops & Tunics,fitted,regular,short sleeves,
65354,Women Tops & Tunics,fitted,regular,short sleeves,
65378,Women Tops & Tunics,fitted,regular,short sleeves,
65391,Women Tops & Tunics,fitted,regular,long sleeves,
65396,Women Tops & Tunics,fitted,regular,short sleeves,
65407,Women Tops & Tunics,fitted,regular,short sleeves,
65451,Women Tops & Tunics,fitted,regular,short sleeves,
65454,Women Tops & Tunics,fitted,regular,three-quarter sleeves,
65457,Women Tops & Tunics,regular,regular,short sleeves,
65473,Women Tops & Tunics,fitted,regular,short sleeves,
65493,Women Tops & Tunics,regular,crop,short sleeves,
65508,Women Tops & Tunics,fitted,regular,three-quarter sleeves,
65526,Women Tops & Tunics,fitted,regular,short sleeves,
65533,Women Tops & Tunics,fitted,crop,three-quarter sleeves,
65537,Women Tops & Tunics,default,,long sleeves,regular sleeves
65542,Women Tops & Tunics,fitted,regular,short sleeves,
65557,Women Tops & Tunics,fitted,regular,short sleeves,
65563,Women Tops & Tunics,fitted,regular,short sleeves,
65573,Women Tops & Tunics,,crop,short sleeves,regular sleeves
65577,Women Tops & Tunics,fitted,regular,short sleeves,
65611,Women Tops & Tunics,fitted,crop,three-quarter sleeves,
65700,Women Tops & Tunics,fitted,regular,long sleeves,
65707,Women Tops & Tunics,fitted,regular,short sleeves,
65708,Women Tops & Tunics,fitted,regular,three-quarter sleeves,
65726,Women Tops & Tunics,fitted,regular,short sleeves,
65730,Women Tops & Tunics,fitted,regular,short sleeves,
65747,Women Tops & Tunics,fitted,regular,three-quarter sleeves,
65752,Women Tops & Tunics,fitted,regular,short sleeves,
65783,Women Tops & Tunics,default,,long sleeves,regular sleeves
65812,Women Tops & Tunics,fitted,regular,three-quarter sleeves,
65862,Women Tops & Tunics,fitted,regular,short sleeves,
65891,Women Tops & Tunics,regular,crop,short sleeves,
65895,Women Tops & Tunics,fitted,regular,short sleeves,
65897,Women Tops & Tunics,fitted,regular,short sleeves,
65907,Women Tops & Tunics,fitted,regular,short sleeves,
65938,Women Tops & Tunics,fitted,crop,three-quarter sleeves,
65948,Women Tops & Tunics,fitted,regular,three-quarter sleeves,
65949,Women Tops & Tunics,fitted,regular,three-quarter sleeves,
65980,Women Tops & Tunics,fitted,regular,short sleeves,
66025,Women Tops & Tunics,fitted,regular,short sleeves,
66035,Women Tops & Tunics,fitted,regular,short sleeves,
66037,Women Tops & Tunics,,crop,short sleeves,regular sleeves
66058,Women Tops & Tunics,fitted,regular,three-quarter sleeves,
66067,Women Tops & Tunics,default,regular,long sleeves,
66068,Women Tops & Tunics,regular,regular,short sleeves,
66106,Women Tops & Tunics,fitted,regular,three-quarter sleeves,
66144,Women Tops & Tunics,default,,long sleeves,regular sleeves
66152,Women Tops & Tunics,fitted,regular,short sleeves,
66193,Women Tops & Tunics,fitted,regular,short sleeves,
66235,Women Tops & Tunics,default,,three-quarter sleeves,regular sleeves
66242,Women Tops & Tunics,default,regular,long sleeves,
66244,Women Tops & Tunics,fitted,regular,three-quarter sleeves,
66258,Women Tops & Tunics,fitted,regular,short sleeves,
66329,Women Tops & Tunics,fitted,regular,three-quarter sleeves,
66336,Women Tops & Tunics,regular,regular,short sleeves,
66388,Women Tops & Tunics,fitted,regular,three-quarter sleeves,
66392,Women Tops & Tunics,fitted,regular,short sleeves,
66430,Women Tops & Tunics,fitted,regular,short sleeves,
66492,Women Tops & Tunics,fitted,regular,short sleeves,
66497,Women Tops & Tunics,fitted,regular,short sleeves,
66504,Women Tops & Tunics,fitted,regular,short sleeves,
66516,Women Tops & Tunics,fitted,regular,short sleeves,
66531,Women Tops & Tunics,fitted,regular,short sleeves,
66538,Women Tops & Tunics,fitted,regular,short sleeves,
66564,Women Tops & Tunics,boxy,crop,,regular sleeves
66613,Women Tops & Tunics,fitted,regular,short sleeves,
66656,Women Tops & Tunics,fitted,regular,short sleeves,
66684,Women Tops & Tunics,regular,regular,short sleeves,
66723,Women Tops & Tunics,fitted,regular,short sleeves,
66758,Women Tops & Tunics,fitted,regular,short sleeves,
66759,Women Tops & Tunics,fitted,regular,three-quarter sleeves,
66767,Women Tops & Tunics,fitted,regular,short sleeves,
66772,Women Tops & Tunics,fitted,regular,short sleeves,
66786,Women Tops & Tunics,fitted,regular,short sleeves,
66810,Women Tops & Tunics,fitted,regular,short sleeves,
66842,Women Tops & Tunics,fitted,regular,three-quarter sleeves,
66856,Women Tops & Tunics,fitted,regular,three-quarter sleeves,
66864,Women Tops & Tunics,fitted,regular,short sleeves,
66877,Women Tops & Tunics,fitted,regular,short sleeves,
66878,Women Tops & Tunics,fitted,regular,three-quarter sleeves,
66909,Women Tops & Tunics,default,regular,short sleeves,
66959,Women Tops & Tunics,fitted,regular,long sleeves,
66967,Women Tops & Tunics,fitted,regular,short sleeves,
66970,Women Tops & Tunics,fitted,regular,three-quarter sleeves,
66986,Women Tops & Tunics,regular,regular,short sleeves,
66993,Women Tops & Tunics,fitted,regular,three-quarter sleeves,
67010,Women Tops & Tunics,fitted,regular,three-quarter sleeves,
67022,Women Tops & Tunics,fitted,regular,short sleeves,
67055,Women Tops & Tunics,fitted,regular,short sleeves,
67083,Women Tops & Tunics,fitted,regular,short sleeves,
67100,Women Tops & Tunics,regular,regular,three-quarter sleeves,
67125,Women Tops & Tunics,fitted,regular,three-quarter sleeves,
67137,Women Tops & Tunics,fitted,regular,short sleeves,
67154,Women Tops & Tunics,default,crop,short sleeves,
67161,Women Tops & Tunics,fitted,crop,short sleeves,
67179,Women Tops & Tunics,fitted,regular,long sleeves,
67182,Women Tops & Tunics,fitted,crop,short sleeves,
67193,Women Tops & Tunics,fitted,regular,short sleeves,
67219,Women Tops & Tunics,fitted,regular,short sleeves,
67221,Women Tops & Tunics,fitted,regular,short sleeves,
67244,Women Tops & Tunics,fitted,regular,short sleeves,
67263,Women Tops & Tunics,fitted,regular,short sleeves,
67285,Women Tops & Tunics,fitted,regular,short sleeves,
67298,Women Tops & Tunics,fitted,regular,short sleeves,
67308,Women Tops & Tunics,default,,long sleeves,regular sleeves
67313,Women Tops & Tunics,fitted,regular,short sleeves,
67319,Women Tops & Tunics,fitted,regular,three-quarter sleeves,
67338,Women Tops & Tunics,fitted,regular,short sleeves,
67347,Women Tops & Tunics,fitted,regular,short sleeves,
67397,Women Tops & Tunics,fitted,regular,three-quarter sleeves,
67409,Women Tops & Tunics,fitted,crop,short sleeves,
67417,Women Tops & Tunics,fitted,regular,short sleeves,
67448,Women Tops & Tunics,fitted,regular,short sleeves,
67453,Women Tops & Tunics,fitted,regular,short sleeves,
67484,Women Tops & Tunics,fitted,regular,short sleeves,
67488,Women Tops & Tunics,fitted,regular,short sleeves,
67522,Women Tops & Tunics,fitted,regular,,regular sleeves
67525,Women Tops & Tunics,fitted,regular,short sleeves,
67532,Women Tops & Tunics,fitted,regular,short sleeves,
67555,Women Tops & Tunics,default,,three-quarter sleeves,regular sleeves
67566,Women Tops & Tunics,fitted,regular,short sleeves,
67579,Women Tops & Tunics,fitted,regular,three-quarter sleeves,
67639,Women Tops & Tunics,fitted,regular,short sleeves,
67654,Women Tops & Tunics,fitted,regular,long sleeves,
67658,Women Tops & Tunics,fitted,regular,short sleeves,
67680,Women Tops & Tunics,fitted,regular,short sleeves,
67753,Women Tops & Tunics,fitted,regular,long sleeves,
67770,Women Tops & Tunics,fitted,regular,short sleeves,
67772,Women Tops & Tunics,fitted,crop,short sleeves,
67812,Women Tops & Tunics,fitted,regular,short sleeves,
67816,Women Tops & Tunics,fitted,regular,short sleeves,
67818,Women Tops & Tunics,fitted,regular,short sleeves,
67883,Women Tops & Tunics,fitted,regular,short sleeves,
67889,Women Tops & Tunics,fitted,regular,short sleeves,
67895,Women Tops & Tunics,regular,crop,sleeveless,
67942,Women Tops & Tunics,default,,three-quarter sleeves,regular sleeves
67988,Women Tops & Tunics,fitted,regular,short sleeves,
67993,Women Tops & Tunics,fitted,regular,short sleeves,
68047,Women Tops & Tunics,fitted,regular,three-quarter sleeves,
68070,Women Tops & Tunics,fitted,regular,three-quarter sleeves,
68095,Women Tops & Tunics,default,,long sleeves,regular sleeves
68101,Women Tops & Tunics,fitted,regular,short sleeves,
68115,Women Tops & Tunics,fitted,regular,short sleeves,
68120,Women Tops & Tunics,fitted,regular,long sleeves,
68139,Women Tops & Tunics,fitted,regular,long sleeves,
68152,Women Tops & Tunics,fitted,regular,three-quarter sleeves,
68161,Women Tops & Tunics,fitted,regular,short sleeves,
68163,Women Tops & Tunics,fitted,regular,short sleeves,
68170,Women Tops & Tunics,fitted,crop,short sleeves,
68176,Women Tops & Tunics,fitted,regular,short sleeves,
68187,Women Tops & Tunics,default,,three-quarter sleeves,regular sleeves
68201,Women Tops & Tunics,regular,regular,long sleeves,
68206,Women Tops & Tunics,fitted,regular,short sleeves,
68226,Women Tops & Tunics,default,,three-quarter sleeves,regular sleeves
68236,Women Tops & Tunics,fitted,regular,long sleeves,
68266,Women Tops & Tunics,regular,regular,three-quarter sleeves,
68278,Women Tops & Tunics,default,regular,three-quarter sleeves,
68287,Women Tops & Tunics,fitted,regular,three-quarter sleeves,
68291,Women Tops & Tunics,fitted,regular,short sleeves,
68297,Women Tops & Tunics,fitted,regular,short sleeves,
68310,Women Tops & Tunics,fitted,regular,short sleeves,
68378,Women Tops & Tunics,fitted,regular,short sleeves,
68412,Women Tops & Tunics,fitted,regular,short sleeves,
68421,Women Tops & Tunics,fitted,regular,short sleeves,
68449,Women Tops & Tunics,fitted,regular,short sleeves,
68461,Women Tops & Tunics,fitted,regular,short sleeves,
68471,Women Tops & Tunics,fitted,regular,short sleeves,
68472,Women Tops & Tunics,fitted,regular,short sleeves,
68500,Women Tops & Tunics,fitted,regular,short sleeves,
68501,Women Tops & Tunics,fitted,regular,short sleeves,
68509,Women Tops & Tunics,fitted,regular,three-quarter sleeves,
68518,Women Tops & Tunics,fitted,regular,short sleeves,
68519,Women Tops & Tunics,fitted,regular,short sleeves,
68520,Women Tops & Tunics,fitted,regular,short sleeves,
68542,Women Tops & Tunics,fitted,regular,short sleeves,
68548,Women Tops & Tunics,fitted,regular,short sleeves,
68549,Women Tops & Tunics,fitted,regular,three-quarter sleeves,
68608,Women Tops & Tunics,regular,regular,three-quarter sleeves,
68617,Women Tops & Tunics,fitted,,short sleeves,default
68662,Women Tops & Tunics,regular,regular,long sleeves,
68665,Women Tops & Tunics,fitted,regular,short sleeves,
68673,Women Tops & Tunics,fitted,regular,short sleeves,
68692,Women Tops & Tunics,regular,regular,short sleeves,
68697,Women Tops & Tunics,fitted,regular,long sleeves,
68699,Women Tops & Tunics,fitted,regular,short sleeves,
68724,Women Tops & Tunics,regular,regular,short sleeves,
68740,Women Tops & Tunics,fitted,regular,short sleeves,
68746,Women Tops & Tunics,fitted,regular,short sleeves,
68776,Women Tops & Tunics,fitted,regular,three-quarter sleeves,
68780,Women Tops & Tunics,,crop,short sleeves,regular sleeves
68805,Women Tops & Tunics,fitted,crop,short sleeves,
68842,Women Tops & Tunics,fitted,regular,short sleeves,
68876,Women Tops & Tunics,default,crop,short sleeves,
68880,Women Tops & Tunics,fitted,regular,short sleeves,
68906,Women Tops & Tunics,default,regular,three-quarter sleeves,
68917,Women Tops & Tunics,fitted,regular,short sleeves,
68923,Women Tops & Tunics,regular,regular,three-quarter sleeves,
68946,Women Tops & Tunics,fitted,crop,short sleeves,
68960,Women Tops & Tunics,default,,long sleeves,regular sleeves
69011,Women Tops & Tunics,fitted,regular,short sleeves,
69035,Women Tops & Tunics,fitted,regular,short sleeves,
69058,Women Tops & Tunics,fitted,regular,short sleeves,
69070,Women Tops & Tunics,regular,regular,short sleeves,
69078,Women Tops & Tunics,regular,regular,long sleeves,
69088,Women Tops & Tunics,fitted,regular,short sleeves,
69112,Women Tops & Tunics,fitted,regular,short sleeves,
69114,Women Tops & Tunics,fitted,regular,three-quarter sleeves,
69115,Women Tops & Tunics,fitted,regular,short sleeves,
69156,Women Tops & Tunics,fitted,regular,short sleeves,
69184,Women Tops & Tunics,fitted,regular,short sleeves,
69211,Women Tops & Tunics,fitted,regular,short sleeves,
69232,Women Tops & Tunics,fitted,regular,short sleeves,
69236,Women Tops & Tunics,default,,long sleeves,regular sleeves
69247,Women Tops & Tunics,fitted,regular,short sleeves,
69248,Women Tops & Tunics,fitted,regular,short sleeves,
69254,Women Tops & Tunics,fitted,regular,three-quarter sleeves,
69280,Women Tops & Tunics,fitted,regular,short sleeves,
69294,Women Tops & Tunics,fitted,regular,three-quarter sleeves,
69306,Women Tops & Tunics,fitted,regular,short sleeves,
69309,Women Tops & Tunics,fitted,regular,short sleeves,
69332,Women Tops & Tunics,fitted,regular,short sleeves,
69370,Women Tops & Tunics,default,,three-quarter sleeves,regular sleeves
69380,Women Tops & Tunics,fitted,regular,short sleeves,
69383,Women Tops & Tunics,regular,regular,long sleeves,
69421,Women Tops & Tunics,regular,regular,short sleeves,
69487,Women Tops & Tunics,fitted,regular,short sleeves,
69530,Women Tops & Tunics,fitted,regular,short sleeves,
69577,Women Tops & Tunics,fitted,regular,short sleeves,
69581,Women Tops & Tunics,default,crop,short sleeves,
69635,Women Tops & Tunics,fitted,regular,long sleeves,
69639,Women Tops & Tunics,default,,three-quarter sleeves,regular sleeves
69672,Women Tops & Tunics,fitted,regular,long sleeves,
69673,Women Tops & Tunics,fitted,regular,short sleeves,
69689,Women Tops & Tunics,regular,regular,three-quarter sleeves,
69697,Women Tops & Tunics,fitted,regular,short sleeves,
69720,Women Tops & Tunics,fitted,regular,short sleeves,
69729,Women Tops & Tunics,fitted,regular,short sleeves,
69732,Women Tops & Tunics,fitted,regular,three-quarter sleeves,
69739,Women Tops & Tunics,fitted,regular,short sleeves,
69787,Women Tops & Tunics,fitted,regular,short sleeves,
69793,Women Tops & Tunics,fitted,regular,three-quarter sleeves,
69796,Women Tops & Tunics,fitted,regular,short sleeves,
69827,Women Tops & Tunics,fitted,regular,short sleeves,
69850,Women Tops & Tunics,regular,crop,short sleeves,
69867,Women Tops & Tunics,regular,crop,short sleeves,
69927,Women Tops & Tunics,fitted,regular,three-quarter sleeves,
69933,Women Tops & Tunics,fitted,regular,short sleeves,
69974,Women Tops & Tunics,fitted,regular,three-quarter sleeves,
70001,Women Tops & Tunics,regular,crop,short sleeves,
70035,Women Tops & Tunics,fitted,regular,short sleeves,
70064,Women Tops & Tunics,regular,regular,short sleeves,
70065,Women Tops & Tunics,fitted,regular,short sleeves,
70097,Women Tops & Tunics,fitted,regular,short sleeves,
70111,Women Tops & Tunics,fitted,regular,short sleeves,
70149,Women Tops & Tunics,fitted,regular,short sleeves,
70179,Women Tops & Tunics,default,,long sleeves,regular sleeves
70220,Women Tops & Tunics,default,crop,long sleeves,
70236,Women Tops & Tunics,fitted,regular,short sleeves,
70278,Women Tops & Tunics,fitted,regular,short sleeves,
70286,Women Tops & Tunics,fitted,regular,short sleeves,
70311,Women Tops & Tunics,fitted,regular,short sleeves,
38269,Women Tshirts,,crop,short sleeves,regular sleeves
38757,Women Tshirts,,crop,short sleeves,regular sleeves
39387,Women Tshirts,regular,regular,short sleeves,
