id,Category,fit_shape,sleeve_length,sleeve_styling,length
25837,Kurtis,a-line,three-quarter sleeves,regular,calf length
25956,Kurtis,a-line,sleeveless,sleeveless,knee length
25966,Kurtis,a-line,three-quarter sleeves,regular,knee length
25968,Kurtis,a-line,three-quarter sleeves,regular,calf length
26040,Kurtis,straight,three-quarter sleeves,regular,knee length
26063,Kurtis,straight,three-quarter sleeves,regular,knee length
26129,Kurtis,a-line,three-quarter sleeves,regular,calf length
26213,Kurtis,a-line,three-quarter sleeves,regular,knee length
26214,Kurtis,a-line,three-quarter sleeves,regular,calf length
26276,Kurtis,straight,three-quarter sleeves,regular,calf length
26277,Kurtis,a-line,three-quarter sleeves,regular,calf length
26359,Kurtis,a-line,sleeveless,sleeveless,knee length
26381,Kurtis,a-line,three-quarter sleeves,regular,calf length
26416,Kurtis,a-line,three-quarter sleeves,regular,knee length
26420,Kurtis,regular,three-quarter sleeves,regular,knee length
26432,Kurtis,straight,three-quarter sleeves,regular,knee length
26442,Kurtis,a-line,three-quarter sleeves,regular,knee length
26455,Kurtis,a-line,three-quarter sleeves,regular,calf length
26460,Kurtis,a-line,three-quarter sleeves,regular,knee length
26476,Kurtis,a-line,sleeveless,sleeveless,knee length
26482,Kurtis,a-line,three-quarter sleeves,regular,knee length
26499,Kurtis,straight,three-quarter sleeves,regular,knee length
26500,Kurtis,straight,three-quarter sleeves,regular,calf length
26508,Kurtis,a-line,sleeveless,sleeveless,calf length
26516,Kurtis,a-line,sleeveless,sleeveless,knee length
26517,Kurtis,regular,three-quarter sleeves,regular,regular
26527,Kurtis,a-line,sleeveless,sleeveless,knee length
26546,Kurtis,a-line,sleeveless,sleeveless,calf length
26547,Kurtis,a-line,sleeveless,sleeveless,knee length
26548,Kurtis,a-line,sleeveless,sleeveless,knee length
26560,Kurtis,a-line,three-quarter sleeves,regular,knee length
26568,Kurtis,a-line,three-quarter sleeves,regular,calf length
26570,Kurtis,a-line,sleeveless,sleeveless,knee length
26670,Kurtis,straight,three-quarter sleeves,regular,knee length
26672,Kurtis,a-line,three-quarter sleeves,regular,knee length
26674,Kurtis,straight,three-quarter sleeves,regular,knee length
26683,Kurtis,a-line,three-quarter sleeves,regular,knee length
26877,Kurtis,a-line,three-quarter sleeves,regular,calf length
26878,Kurtis,a-line,three-quarter sleeves,regular,calf length
26965,Kurtis,straight,three-quarter sleeves,regular,knee length
26973,Kurtis,a-line,three-quarter sleeves,regular,calf length
26977,Kurtis,a-line,three-quarter sleeves,regular,knee length
26982,Kurtis,a-line,three-quarter sleeves,regular,calf length
27006,Kurtis,a-line,three-quarter sleeves,regular,knee length
27008,Kurtis,a-line,three-quarter sleeves,regular,knee length
27009,Kurtis,a-line,three-quarter sleeves,regular,calf length
27011,Kurtis,a-line,three-quarter sleeves,regular,knee length
27015,Kurtis,regular,three-quarter sleeves,regular,regular
27021,Kurtis,a-line,three-quarter sleeves,regular,calf length
27022,Kurtis,a-line,three-quarter sleeves,regular,calf length
27031,Kurtis,a-line,three-quarter sleeves,regular,calf length
27033,Kurtis,a-line,three-quarter sleeves,regular,calf length
27034,Kurtis,a-line,three-quarter sleeves,regular,calf length
27041,Kurtis,a-line,three-quarter sleeves,regular,calf length
27042,Kurtis,a-line,three-quarter sleeves,regular,calf length
27044,Kurtis,a-line,three-quarter sleeves,regular,knee length
27045,Kurtis,a-line,three-quarter sleeves,regular,knee length
27048,Kurtis,a-line,sleeveless,sleeveless,knee length
27056,Kurtis,a-line,three-quarter sleeves,regular,calf length
27059,Kurtis,a-line,sleeveless,sleeveless,calf length
27060,Kurtis,a-line,sleeveless,sleeveless,calf length
27071,Kurtis,a-line,sleeveless,sleeveless,knee length
27077,Kurtis,a-line,sleeveless,sleeveless,knee length
27078,Kurtis,a-line,sleeveless,sleeveless,knee length
27083,Kurtis,a-line,three-quarter sleeves,regular,calf length
27089,Kurtis,a-line,three-quarter sleeves,regular,calf length
27090,Kurtis,a-line,sleeveless,sleeveless,knee length
27091,Kurtis,a-line,sleeveless,sleeveless,knee length
27093,Kurtis,a-line,sleeveless,sleeveless,knee length
27094,Kurtis,a-line,three-quarter sleeves,regular,calf length
27095,Kurtis,a-line,three-quarter sleeves,regular,calf length
27120,Kurtis,a-line,sleeveless,sleeveless,calf length
27126,Kurtis,a-line,three-quarter sleeves,regular,calf length
27127,Kurtis,a-line,sleeveless,sleeveless,calf length
27137,Kurtis,a-line,sleeveless,sleeveless,knee length
27138,Kurtis,a-line,sleeveless,sleeveless,knee length
27139,Kurtis,a-line,sleeveless,sleeveless,knee length
27140,Kurtis,a-line,sleeveless,sleeveless,knee length
27143,Kurtis,a-line,sleeveless,sleeveless,calf length
27235,Kurtis,a-line,short sleeves,regular,calf length
27241,Kurtis,a-line,three-quarter sleeves,regular,calf length
27248,Kurtis,a-line,three-quarter sleeves,regular,50-55
27344,Kurtis,a-line,three-quarter sleeves,regular,calf length
27351,Kurtis,a-line,three-quarter sleeves,regular,knee length
27355,Kurtis,straight,three-quarter sleeves,regular,knee length
27372,Kurtis,straight,three-quarter sleeves,regular,knee length
27389,Kurtis,a-line,three-quarter sleeves,regular,calf length
27404,Kurtis,straight,three-quarter sleeves,regular,calf length
27405,Kurtis,straight,three-quarter sleeves,regular,knee length
27419,Kurtis,straight,three-quarter sleeves,regular,calf length
27478,Kurtis,straight,three-quarter sleeves,regular,calf length
27481,Kurtis,straight,three-quarter sleeves,regular,knee length
27573,Kurtis,a-line,three-quarter sleeves,regular,knee length
27575,Kurtis,a-line,three-quarter sleeves,regular,knee length
27599,Kurtis,a-line,three-quarter sleeves,regular,knee length
27626,Kurtis,straight,three-quarter sleeves,regular,knee length
27636,Kurtis,a-line,three-quarter sleeves,regular,knee length
27661,Kurtis,a-line,three-quarter sleeves,regular,knee length
27669,Kurtis,a-line,three-quarter sleeves,regular,knee length
27686,Kurtis,straight,three-quarter sleeves,regular,knee length
27697,Kurtis,straight,three-quarter sleeves,regular,knee length
27715,Kurtis,a-line,three-quarter sleeves,regular,knee length
27743,Kurtis,a-line,three-quarter sleeves,regular,knee length
27745,Kurtis,straight,three-quarter sleeves,regular,knee length
27791,Kurtis,straight,three-quarter sleeves,regular,knee length
27793,Kurtis,straight,three-quarter sleeves,regular,knee length
27798,Kurtis,straight,three-quarter sleeves,regular,knee length
27814,Kurtis,straight,three-quarter sleeves,regular,knee length
27815,Kurtis,straight,three-quarter sleeves,regular,knee length
27825,Kurtis,straight,three-quarter sleeves,regular,knee length
27929,Kurtis,straight,three-quarter sleeves,regular,knee length
28025,Kurtis,straight,three-quarter sleeves,regular,knee length
28075,Kurtis,straight,three-quarter sleeves,regular,knee length
28157,Kurtis,straight,three-quarter sleeves,regular,knee length
28227,Kurtis,straight,three-quarter sleeves,regular,knee length
28237,Kurtis,straight,three-quarter sleeves,regular,knee length
28239,Kurtis,straight,three-quarter sleeves,regular,knee length
28264,Kurtis,straight,three-quarter sleeves,regular,knee length
28265,Kurtis,straight,three-quarter sleeves,regular,knee length
28266,Kurtis,straight,three-quarter sleeves,regular,knee length
28267,Kurtis,straight,three-quarter sleeves,regular,knee length
28268,Kurtis,straight,three-quarter sleeves,regular,knee length
28271,Kurtis,straight,three-quarter sleeves,regular,knee length
28272,Kurtis,straight,three-quarter sleeves,regular,knee length
28273,Kurtis,straight,three-quarter sleeves,regular,knee length
28287,Kurtis,straight,three-quarter sleeves,regular,knee length
28301,Kurtis,straight,three-quarter sleeves,regular,knee length
28304,Kurtis,straight,three-quarter sleeves,regular,knee length
28305,Kurtis,straight,three-quarter sleeves,regular,knee length
28313,Kurtis,straight,three-quarter sleeves,regular,knee length
28322,Kurtis,straight,three-quarter sleeves,regular,knee length
28323,Kurtis,straight,three-quarter sleeves,regular,knee length
28325,Kurtis,straight,three-quarter sleeves,regular,knee length
28329,Kurtis,straight,three-quarter sleeves,regular,knee length
28335,Kurtis,straight,short sleeves,regular,knee length
28336,Kurtis,straight,three-quarter sleeves,regular,knee length
28337,Kurtis,straight,three-quarter sleeves,regular,knee length
28339,Kurtis,straight,three-quarter sleeves,regular,knee length
28342,Kurtis,straight,three-quarter sleeves,regular,knee length
28344,Kurtis,straight,three-quarter sleeves,regular,knee length
28345,Kurtis,straight,three-quarter sleeves,regular,knee length
28357,Kurtis,a-line,three-quarter sleeves,regular,knee length
28361,Kurtis,straight,short sleeves,regular,knee length
28362,Kurtis,straight,short sleeves,regular,knee length
28380,Kurtis,a-line,short sleeves,regular,knee length
28383,Kurtis,a-line,three-quarter sleeves,regular,knee length
28384,Kurtis,straight,sleeveless,sleeveless,knee length
28389,Kurtis,straight,three-quarter sleeves,regular,knee length
28411,Kurtis,straight,three-quarter sleeves,regular,knee length
28428,Kurtis,a-line,three-quarter sleeves,regular,knee length
28429,Kurtis,straight,sleeveless,sleeveless,knee length
28432,Kurtis,straight,three-quarter sleeves,regular,calf length
28439,Kurtis,straight,three-quarter sleeves,regular,knee length
28444,Kurtis,straight,three-quarter sleeves,regular,knee length
28450,Kurtis,straight,three-quarter sleeves,regular,knee length
28455,Kurtis,straight,sleeveless,sleeveless,knee length
28457,Kurtis,straight,three-quarter sleeves,regular,knee length
28468,Kurtis,straight,three-quarter sleeves,regular,knee length
28469,Kurtis,straight,three-quarter sleeves,regular,knee length
28474,Kurtis,straight,three-quarter sleeves,regular,knee length
28475,Kurtis,a-line,three-quarter sleeves,regular,knee length
28482,Kurtis,straight,short sleeves,regular,knee length
28484,Kurtis,straight,three-quarter sleeves,regular,knee length
28487,Kurtis,straight,three-quarter sleeves,regular,knee length
28498,Kurtis,a-line,three-quarter sleeves,regular,knee length
28500,Kurtis,a-line,short sleeves,regular,knee length
28502,Kurtis,a-line,three-quarter sleeves,regular,knee length
28508,Kurtis,straight,three-quarter sleeves,regular,knee length
28531,Kurtis,straight,three-quarter sleeves,regular,knee length
28543,Kurtis,straight,short sleeves,regular,knee length
28562,Kurtis,straight,three-quarter sleeves,regular,knee length
28590,Kurtis,straight,three-quarter sleeves,regular,knee length
28594,Kurtis,a-line,short sleeves,regular,knee length
28606,Kurtis,straight,three-quarter sleeves,regular,knee length
28609,Kurtis,straight,short sleeves,regular,knee length
28639,Kurtis,straight,three-quarter sleeves,regular,knee length
28662,Kurtis,a-line,three-quarter sleeves,regular,knee length
28669,Kurtis,a-line,three-quarter sleeves,regular,knee length
28674,Kurtis,straight,three-quarter sleeves,regular,knee length
28675,Kurtis,straight,three-quarter sleeves,regular,knee length
28683,Kurtis,straight,three-quarter sleeves,regular,knee length
28700,Kurtis,a-line,three-quarter sleeves,regular,knee length
28703,Kurtis,straight,three-quarter sleeves,regular,knee length
28709,Kurtis,straight,three-quarter sleeves,regular,knee length
28712,Kurtis,a-line,three-quarter sleeves,regular,knee length
28726,Kurtis,a-line,three-quarter sleeves,regular,knee length
28732,Kurtis,straight,three-quarter sleeves,regular,knee length
28754,Kurtis,a-line,sleeveless,sleeveless,knee length
28760,Kurtis,straight,three-quarter sleeves,regular,calf length
28761,Kurtis,straight,three-quarter sleeves,regular,knee length
28771,Kurtis,a-line,three-quarter sleeves,regular,knee length
28772,Kurtis,straight,three-quarter sleeves,regular,knee length
28786,Kurtis,straight,three-quarter sleeves,regular,knee length
28832,Kurtis,straight,three-quarter sleeves,regular,knee length
28894,Kurtis,straight,three-quarter sleeves,regular,knee length
28896,Kurtis,straight,three-quarter sleeves,regular,knee length
28898,Kurtis,straight,three-quarter sleeves,regular,knee length
28967,Kurtis,straight,three-quarter sleeves,regular,knee length
28971,Kurtis,straight,short sleeves,regular,knee length
29060,Kurtis,a-line,short sleeves,regular,knee length
29097,Kurtis,a-line,three-quarter sleeves,regular,knee length
29127,Kurtis,straight,three-quarter sleeves,regular,calf length
29131,Kurtis,straight,three-quarter sleeves,regular,knee length
29187,Kurtis,straight,three-quarter sleeves,regular,knee length
29224,Kurtis,straight,three-quarter sleeves,regular,knee length
29443,Kurtis,a-line,three-quarter sleeves,regular,knee length
29446,Kurtis,straight,short sleeves,regular,knee length
29546,Kurtis,straight,three-quarter sleeves,regular,knee length
51385,Women Tops & Tunics,regular,long sleeves,puff sleeves,regular
51428,Women Tops & Tunics,regular,short sleeves,puff sleeves,regular
51429,Women Tops & Tunics,regular,short sleeves,puff sleeves,regular
51478,Women Tops & Tunics,regular,default,regular sleeves,crop
51483,Women Tops & Tunics,regular,three-quarter sleeves,regular sleeves,regular
51510,Women Tops & Tunics,regular,short sleeves,puff sleeves,regular
51528,Women Tops & Tunics,regular,short sleeves,puff sleeves,regular
51539,Women Tops & Tunics,regular,long sleeves,regular sleeves,regular
51579,Women Tops & Tunics,regular,short sleeves,puff sleeves,regular
51585,Women Tops & Tunics,regular,short sleeves,puff sleeves,regular
51598,Women Tops & Tunics,regular,short sleeves,regular sleeves,regular
51621,Women Tops & Tunics,regular,short sleeves,regular sleeves,crop
51634,Women Tops & Tunics,regular,short sleeves,puff sleeves,regular
51653,Women Tops & Tunics,regular,short sleeves,puff sleeves,regular
51656,Women Tops & Tunics,regular,short sleeves,puff sleeves,regular
51663,Women Tops & Tunics,fitted,short sleeves,regular sleeves,regular
51669,Women Tops & Tunics,regular,short sleeves,puff sleeves,regular
51680,Women Tops & Tunics,regular,short sleeves,puff sleeves,regular
51684,Women Tops & Tunics,regular,short sleeves,puff sleeves,regular
51693,Women Tops & Tunics,regular,short sleeves,puff sleeves,regular
51703,Women Tops & Tunics,regular,short sleeves,puff sleeves,regular
51712,Women Tops & Tunics,regular,long sleeves,puff sleeves,regular
51719,Women Tops & Tunics,regular,short sleeves,puff sleeves,regular
51721,Women Tops & Tunics,regular,long sleeves,puff sleeves,regular
51725,Women Tops & Tunics,regular,short sleeves,puff sleeves,regular
51728,Women Tops & Tunics,regular,short sleeves,regular sleeves,regular
51743,Women Tops & Tunics,regular,short sleeves,puff sleeves,regular
51763,Women Tops & Tunics,regular,three-quarter sleeves,regular sleeves,regular
51780,Women Tops & Tunics,regular,long sleeves,puff sleeves,regular
51825,Women Tops & Tunics,regular,short sleeves,puff sleeves,regular
51886,Women Tops & Tunics,regular,short sleeves,puff sleeves,regular
51894,Women Tops & Tunics,regular,short sleeves,puff sleeves,regular
51897,Women Tops & Tunics,regular,short sleeves,puff sleeves,regular
51908,Women Tops & Tunics,regular,short sleeves,puff sleeves,regular
51916,Women Tops & Tunics,regular,short sleeves,regular sleeves,regular
51926,Women Tops & Tunics,regular,short sleeves,puff sleeves,regular
52026,Women Tops & Tunics,regular,short sleeves,puff sleeves,regular
52032,Women Tops & Tunics,regular,short sleeves,puff sleeves,regular
52038,Women Tops & Tunics,boxy,short sleeves,regular sleeves,crop
52053,Women Tops & Tunics,regular,short sleeves,regular sleeves,regular
52063,Women Tops & Tunics,fitted,short sleeves,puff sleeves,regular
52070,Women Tops & Tunics,regular,short sleeves,puff sleeves,regular
52071,Women Tops & Tunics,regular,short sleeves,puff sleeves,regular
52089,Women Tops & Tunics,regular,short sleeves,puff sleeves,regular
52091,Women Tops & Tunics,regular,short sleeves,puff sleeves,regular
52098,Women Tops & Tunics,regular,short sleeves,puff sleeves,regular
52152,Women Tops & Tunics,regular,short sleeves,puff sleeves,regular
52179,Women Tops & Tunics,regular,long sleeves,puff sleeves,regular
52180,Women Tops & Tunics,regular,long sleeves,regular sleeves,regular
52218,Women Tops & Tunics,boxy,short sleeves,regular sleeves,crop
52220,Women Tops & Tunics,boxy,short sleeves,regular sleeves,crop
52276,Women Tops & Tunics,regular,short sleeves,puff sleeves,regular
52287,Women Tops & Tunics,regular,short sleeves,puff sleeves,regular
52312,Women Tops & Tunics,regular,short sleeves,puff sleeves,regular
52320,Women Tops & Tunics,regular,short sleeves,puff sleeves,regular
52373,Women Tops & Tunics,regular,short sleeves,puff sleeves,regular
52374,Women Tops & Tunics,regular,short sleeves,puff sleeves,regular
52387,Women Tops & Tunics,fitted,short sleeves,puff sleeves,regular
52399,Women Tops & Tunics,regular,short sleeves,puff sleeves,regular
52435,Women Tops & Tunics,regular,short sleeves,puff sleeves,regular
52486,Women Tops & Tunics,regular,short sleeves,puff sleeves,regular
52519,Women Tops & Tunics,regular,short sleeves,puff sleeves,regular
52536,Women Tops & Tunics,regular,short sleeves,regular sleeves,regular
52539,Women Tops & Tunics,regular,short sleeves,puff sleeves,regular
52550,Women Tops & Tunics,regular,short sleeves,puff sleeves,regular
52554,Women Tops & Tunics,regular,three-quarter sleeves,regular sleeves,regular
52564,Women Tops & Tunics,regular,short sleeves,puff sleeves,regular
52573,Women Tops & Tunics,regular,short sleeves,puff sleeves,regular
52606,Women Tops & Tunics,regular,long sleeves,regular sleeves,regular
52619,Women Tops & Tunics,regular,short sleeves,puff sleeves,regular
52627,Women Tops & Tunics,regular,short sleeves,puff sleeves,regular
52694,Women Tops & Tunics,regular,short sleeves,puff sleeves,regular
52709,Women Tops & Tunics,regular,short sleeves,puff sleeves,regular
52711,Women Tops & Tunics,regular,short sleeves,puff sleeves,regular
52716,Women Tops & Tunics,regular,short sleeves,puff sleeves,regular
52801,Women Tops & Tunics,regular,short sleeves,puff sleeves,regular
52818,Women Tops & Tunics,regular,short sleeves,regular sleeves,regular
52825,Women Tops & Tunics,regular,short sleeves,regular sleeves,regular
52863,Women Tops & Tunics,regular,short sleeves,puff sleeves,regular
52906,Women Tops & Tunics,regular,short sleeves,puff sleeves,regular
52965,Women Tops & Tunics,regular,long sleeves,regular sleeves,regular
52970,Women Tops & Tunics,regular,short sleeves,puff sleeves,regular
52983,Women Tops & Tunics,regular,long sleeves,regular sleeves,regular
52990,Women Tops & Tunics,regular,long sleeves,regular sleeves,regular
53022,Women Tops & Tunics,regular,short sleeves,puff sleeves,regular
53087,Women Tops & Tunics,fitted,short sleeves,puff sleeves,regular
53099,Women Tops & Tunics,regular,short sleeves,puff sleeves,regular
53109,Women Tops & Tunics,regular,short sleeves,puff sleeves,regular
53118,Women Tops & Tunics,regular,long sleeves,puff sleeves,regular
53165,Women Tops & Tunics,regular,long sleeves,regular sleeves,regular
53191,Women Tops & Tunics,regular,short sleeves,puff sleeves,regular
53231,Women Tops & Tunics,regular,short sleeves,puff sleeves,regular
53240,Women Tops & Tunics,regular,short sleeves,puff sleeves,regular
53271,Women Tops & Tunics,regular,short sleeves,puff sleeves,regular
53305,Women Tops & Tunics,regular,short sleeves,puff sleeves,regular
53325,Women Tops & Tunics,regular,short sleeves,puff sleeves,regular
53356,Women Tops & Tunics,regular,short sleeves,puff sleeves,regular
53381,Women Tops & Tunics,regular,short sleeves,puff sleeves,regular
53396,Women Tops & Tunics,regular,short sleeves,puff sleeves,regular
53413,Women Tops & Tunics,regular,short sleeves,puff sleeves,regular
53435,Women Tops & Tunics,regular,short sleeves,puff sleeves,regular
53442,Women Tops & Tunics,regular,short sleeves,puff sleeves,regular
53473,Women Tops & Tunics,regular,short sleeves,puff sleeves,regular
53474,Women Tops & Tunics,regular,short sleeves,puff sleeves,regular
53523,Women Tops & Tunics,regular,short sleeves,regular sleeves,regular
53529,Women Tops & Tunics,regular,short sleeves,puff sleeves,regular
53531,Women Tops & Tunics,regular,short sleeves,puff sleeves,regular
53547,Women Tops & Tunics,regular,short sleeves,puff sleeves,regular
53558,Women Tops & Tunics,regular,long sleeves,puff sleeves,regular
53655,Women Tops & Tunics,regular,short sleeves,puff sleeves,regular
53656,Women Tops & Tunics,regular,short sleeves,puff sleeves,regular
53659,Women Tops & Tunics,regular,short sleeves,regular sleeves,regular
53674,Women Tops & Tunics,regular,short sleeves,puff sleeves,regular
53680,Women Tops & Tunics,regular,long sleeves,regular sleeves,regular
53687,Women Tops & Tunics,regular,short sleeves,puff sleeves,regular
53689,Women Tops & Tunics,regular,short sleeves,puff sleeves,regular
53704,Women Tops & Tunics,regular,short sleeves,puff sleeves,regular
53752,Women Tops & Tunics,regular,short sleeves,puff sleeves,regular
53801,Women Tops & Tunics,regular,long sleeves,puff sleeves,regular
53806,Women Tops & Tunics,regular,short sleeves,regular sleeves,regular
53814,Women Tops & Tunics,regular,short sleeves,puff sleeves,regular
53842,Women Tops & Tunics,regular,short sleeves,regular sleeves,crop
53855,Women Tops & Tunics,regular,long sleeves,puff sleeves,regular
53879,Women Tops & Tunics,regular,short sleeves,puff sleeves,regular
53893,Women Tops & Tunics,regular,short sleeves,regular sleeves,crop
53919,Women Tops & Tunics,boxy,short sleeves,regular sleeves,crop
53953,Women Tops & Tunics,regular,short sleeves,puff sleeves,regular
53972,Women Tops & Tunics,regular,short sleeves,puff sleeves,regular
53993,Women Tops & Tunics,regular,short sleeves,puff sleeves,regular
54012,Women Tops & Tunics,regular,short sleeves,puff sleeves,regular
54014,Women Tops & Tunics,boxy,three-quarter sleeves,regular,regular
54047,Women Tops & Tunics,regular,short sleeves,puff sleeves,regular
54053,Women Tops & Tunics,regular,long sleeves,regular sleeves,regular
54067,Women Tops & Tunics,regular,short sleeves,puff sleeves,regular
54097,Women Tops & Tunics,regular,short sleeves,puff sleeves,regular
54116,Women Tops & Tunics,regular,short sleeves,puff sleeves,regular
54136,Women Tops & Tunics,regular,long sleeves,regular sleeves,regular
54190,Women Tops & Tunics,regular,short sleeves,regular sleeves,regular
54194,Women Tops & Tunics,regular,short sleeves,puff sleeves,regular
54222,Women Tops & Tunics,regular,short sleeves,puff sleeves,regular
54240,Women Tops & Tunics,regular,short sleeves,regular sleeves,regular
54275,Women Tops & Tunics,regular,short sleeves,puff sleeves,regular
54295,Women Tops & Tunics,regular,short sleeves,puff sleeves,regular
54302,Women Tops & Tunics,regular,short sleeves,puff sleeves,regular
54307,Women Tops & Tunics,regular,short sleeves,puff sleeves,regular
54348,Women Tops & Tunics,regular,short sleeves,default,regular
54354,Women Tops & Tunics,regular,short sleeves,puff sleeves,regular
54355,Women Tops & Tunics,regular,short sleeves,puff sleeves,regular
54361,Women Tops & Tunics,regular,short sleeves,puff sleeves,regular
54378,Women Tops & Tunics,regular,short sleeves,puff sleeves,regular
54404,Women Tops & Tunics,regular,short sleeves,puff sleeves,regular
54413,Women Tops & Tunics,regular,short sleeves,puff sleeves,regular
54417,Women Tops & Tunics,regular,long sleeves,regular sleeves,regular
54424,Women Tops & Tunics,regular,short sleeves,puff sleeves,regular
54463,Women Tops & Tunics,regular,short sleeves,puff sleeves,regular
54466,Women Tops & Tunics,regular,short sleeves,puff sleeves,regular
54483,Women Tops & Tunics,regular,three-quarter sleeves,regular sleeves,regular
54487,Women Tops & Tunics,regular,short sleeves,puff sleeves,regular
54513,Women Tops & Tunics,regular,short sleeves,regular sleeves,regular
54574,Women Tops & Tunics,regular,long sleeves,puff sleeves,regular
54577,Women Tops & Tunics,regular,short sleeves,puff sleeves,regular
54634,Women Tops & Tunics,regular,long sleeves,regular sleeves,regular
54661,Women Tops & Tunics,regular,short sleeves,puff sleeves,regular
54690,Women Tops & Tunics,regular,short sleeves,puff sleeves,regular
54749,Women Tops & Tunics,regular,short sleeves,puff sleeves,regular
54753,Women Tops & Tunics,regular,short sleeves,puff sleeves,regular
54756,Women Tops & Tunics,regular,short sleeves,puff sleeves,regular
54768,Women Tops & Tunics,regular,short sleeves,puff sleeves,regular
54775,Women Tops & Tunics,regular,short sleeves,puff sleeves,regular
54791,Women Tops & Tunics,regular,short sleeves,puff sleeves,regular
54801,Women Tops & Tunics,regular,short sleeves,puff sleeves,regular
54827,Women Tops & Tunics,regular,short sleeves,puff sleeves,regular
54864,Women Tops & Tunics,regular,short sleeves,puff sleeves,regular
54873,Women Tops & Tunics,regular,long sleeves,regular sleeves,regular
54895,Women Tops & Tunics,regular,short sleeves,puff sleeves,regular
54903,Women Tops & Tunics,regular,short sleeves,puff sleeves,regular
54926,Women Tops & Tunics,regular,three-quarter sleeves,regular sleeves,regular
54944,Women Tops & Tunics,regular,short sleeves,puff sleeves,regular
54951,Women Tops & Tunics,regular,short sleeves,puff sleeves,regular
54962,Women Tops & Tunics,regular,short sleeves,puff sleeves,regular
54970,Women Tops & Tunics,regular,long sleeves,regular sleeves,crop
55002,Women Tops & Tunics,regular,short sleeves,puff sleeves,regular
55028,Women Tops & Tunics,regular,short sleeves,puff sleeves,regular
55032,Women Tops & Tunics,regular,short sleeves,puff sleeves,regular
55049,Women Tops & Tunics,fitted,long sleeves,regular sleeves,crop
55068,Women Tops & Tunics,regular,short sleeves,puff sleeves,regular
55148,Women Tops & Tunics,regular,short sleeves,puff sleeves,regular
55181,Women Tops & Tunics,regular,long sleeves,regular sleeves,crop
55189,Women Tops & Tunics,regular,short sleeves,regular sleeves,regular
55194,Women Tops & Tunics,regular,short sleeves,puff sleeves,regular
55197,Women Tops & Tunics,fitted,short sleeves,default,regular
55309,Women Tops & Tunics,regular,short sleeves,puff sleeves,regular
55353,Women Tops & Tunics,regular,short sleeves,puff sleeves,regular
55354,Women Tops & Tunics,regular,short sleeves,puff sleeves,regular
55396,Women Tops & Tunics,regular,short sleeves,puff sleeves,regular
55428,Women Tops & Tunics,fitted,long sleeves,regular sleeves,crop
55456,Women Tops & Tunics,regular,long sleeves,regular sleeves,regular
55475,Women Tops & Tunics,regular,short sleeves,puff sleeves,regular
55477,Women Tops & Tunics,regular,short sleeves,puff sleeves,regular
55478,Women Tops & Tunics,regular,short sleeves,puff sleeves,regular
55580,Women Tops & Tunics,regular,short sleeves,puff sleeves,regular
55610,Women Tops & Tunics,regular,short sleeves,puff sleeves,regular
55629,Women Tops & Tunics,regular,short sleeves,puff sleeves,regular
55649,Women Tops & Tunics,fitted,short sleeves,puff sleeves,regular
55661,Women Tops & Tunics,regular,short sleeves,puff sleeves,regular
55673,Women Tops & Tunics,regular,short sleeves,puff sleeves,regular
55690,Women Tops & Tunics,regular,short sleeves,puff sleeves,regular
55727,Women Tops & Tunics,regular,short sleeves,puff sleeves,regular
55737,Women Tops & Tunics,regular,long sleeves,regular sleeves,crop
55747,Women Tops & Tunics,fitted,long sleeves,puff sleeves,regular
55756,Women Tops & Tunics,regular,short sleeves,puff sleeves,regular
55773,Women Tops & Tunics,regular,short sleeves,regular sleeves,regular
55832,Women Tops & Tunics,regular,short sleeves,regular sleeves,regular
55853,Women Tops & Tunics,regular,short sleeves,puff sleeves,regular
55883,Women Tops & Tunics,regular,short sleeves,puff sleeves,regular
55888,Women Tops & Tunics,regular,short sleeves,puff sleeves,regular
55916,Women Tops & Tunics,regular,short sleeves,puff sleeves,regular
55940,Women Tops & Tunics,regular,short sleeves,puff sleeves,regular
55943,Women Tops & Tunics,regular,short sleeves,puff sleeves,regular
55985,Women Tops & Tunics,boxy,short sleeves,regular sleeves,crop
55996,Women Tops & Tunics,regular,short sleeves,puff sleeves,regular
56000,Women Tops & Tunics,regular,short sleeves,puff sleeves,regular
56011,Women Tops & Tunics,regular,short sleeves,puff sleeves,regular
56082,Women Tops & Tunics,regular,short sleeves,puff sleeves,regular
56083,Women Tops & Tunics,regular,long sleeves,regular sleeves,regular
56088,Women Tops & Tunics,regular,short sleeves,puff sleeves,regular
56091,Women Tops & Tunics,regular,short sleeves,puff sleeves,regular
56102,Women Tops & Tunics,regular,long sleeves,puff sleeves,regular
56109,Women Tops & Tunics,regular,long sleeves,regular sleeves,regular
56125,Women Tops & Tunics,regular,short sleeves,puff sleeves,regular
56126,Women Tops & Tunics,regular,long sleeves,regular sleeves,regular
56145,Women Tops & Tunics,regular,short sleeves,puff sleeves,regular
56159,Women Tops & Tunics,regular,short sleeves,puff sleeves,regular
56168,Women Tops & Tunics,regular,short sleeves,puff sleeves,regular
56189,Women Tops & Tunics,regular,short sleeves,puff sleeves,regular
56231,Women Tops & Tunics,regular,short sleeves,puff sleeves,regular
56261,Women Tops & Tunics,regular,short sleeves,puff sleeves,regular
56265,Women Tops & Tunics,regular,short sleeves,puff sleeves,regular
56267,Women Tops & Tunics,regular,short sleeves,puff sleeves,regular
56287,Women Tops & Tunics,regular,short sleeves,puff sleeves,regular
56295,Women Tops & Tunics,regular,three-quarter sleeves,regular sleeves,regular
56296,Women Tops & Tunics,regular,long sleeves,puff sleeves,regular
56414,Women Tops & Tunics,boxy,short sleeves,regular sleeves,crop
56447,Women Tops & Tunics,regular,short sleeves,puff sleeves,regular
56483,Women Tops & Tunics,regular,short sleeves,puff sleeves,regular
56486,Women Tops & Tunics,regular,short sleeves,puff sleeves,regular
56494,Women Tops & Tunics,regular,short sleeves,puff sleeves,regular
56523,Women Tops & Tunics,regular,short sleeves,regular sleeves,regular
56535,Women Tops & Tunics,regular,short sleeves,regular sleeves,regular
56565,Women Tops & Tunics,regular,short sleeves,puff sleeves,regular
56607,Women Tops & Tunics,regular,short sleeves,puff sleeves,regular
56610,Women Tops & Tunics,regular,short sleeves,puff sleeves,regular
56634,Women Tops & Tunics,regular,long sleeves,puff sleeves,regular
56668,Women Tops & Tunics,regular,short sleeves,puff sleeves,regular
56715,Women Tops & Tunics,regular,short sleeves,puff sleeves,regular
56722,Women Tops & Tunics,regular,short sleeves,puff sleeves,regular
56783,Women Tops & Tunics,regular,short sleeves,puff sleeves,regular
56786,Women Tops & Tunics,regular,short sleeves,regular sleeves,regular
56792,Women Tops & Tunics,regular,short sleeves,puff sleeves,regular
56820,Women Tops & Tunics,regular,short sleeves,puff sleeves,regular
56834,Women Tops & Tunics,regular,short sleeves,puff sleeves,regular
56837,Women Tops & Tunics,regular,short sleeves,puff sleeves,regular
56842,Women Tops & Tunics,regular,short sleeves,regular sleeves,crop
56882,Women Tops & Tunics,regular,short sleeves,puff sleeves,regular
56889,Women Tops & Tunics,regular,short sleeves,puff sleeves,regular
56916,Women Tops & Tunics,regular,short sleeves,puff sleeves,regular
56964,Women Tops & Tunics,regular,short sleeves,puff sleeves,regular
56969,Women Tops & Tunics,regular,short sleeves,puff sleeves,regular
56988,Women Tops & Tunics,regular,three-quarter sleeves,regular sleeves,regular
57016,Women Tops & Tunics,regular,short sleeves,default,regular
57057,Women Tops & Tunics,fitted,short sleeves,regular sleeves,crop
57113,Women Tops & Tunics,regular,short sleeves,puff sleeves,regular
57116,Women Tops & Tunics,regular,short sleeves,puff sleeves,regular
57172,Women Tops & Tunics,regular,short sleeves,puff sleeves,regular
57178,Women Tops & Tunics,fitted,short sleeves,puff sleeves,regular
57212,Women Tops & Tunics,regular,short sleeves,puff sleeves,regular
57224,Women Tops & Tunics,regular,short sleeves,puff sleeves,regular
57227,Women Tops & Tunics,regular,short sleeves,puff sleeves,regular
57233,Women Tops & Tunics,regular,short sleeves,puff sleeves,regular
57251,Women Tops & Tunics,regular,long sleeves,regular sleeves,regular
57265,Women Tops & Tunics,regular,short sleeves,puff sleeves,regular
57275,Women Tops & Tunics,regular,short sleeves,puff sleeves,regular
57304,Women Tops & Tunics,regular,short sleeves,puff sleeves,regular
57344,Women Tops & Tunics,regular,short sleeves,puff sleeves,regular
57347,Women Tops & Tunics,regular,short sleeves,puff sleeves,regular
57350,Women Tops & Tunics,regular,long sleeves,regular sleeves,regular
57370,Women Tops & Tunics,regular,long sleeves,puff sleeves,regular
57388,Women Tops & Tunics,regular,short sleeves,puff sleeves,regular
57426,Women Tops & Tunics,regular,short sleeves,puff sleeves,regular
57435,Women Tops & Tunics,regular,long sleeves,puff sleeves,regular
57436,Women Tops & Tunics,regular,short sleeves,puff sleeves,regular
57438,Women Tops & Tunics,regular,short sleeves,puff sleeves,regular
57462,Women Tops & Tunics,regular,short sleeves,puff sleeves,regular
57479,Women Tops & Tunics,regular,short sleeves,puff sleeves,regular
57485,Women Tops & Tunics,regular,short sleeves,puff sleeves,regular
57502,Women Tops & Tunics,regular,short sleeves,puff sleeves,regular
57504,Women Tops & Tunics,regular,short sleeves,puff sleeves,regular
57555,Women Tops & Tunics,regular,short sleeves,puff sleeves,regular
57572,Women Tops & Tunics,regular,short sleeves,puff sleeves,regular
57581,Women Tops & Tunics,boxy,short sleeves,regular sleeves,crop
57584,Women Tops & Tunics,regular,short sleeves,regular sleeves,regular
57596,Women Tops & Tunics,regular,short sleeves,puff sleeves,regular
57626,Women Tops & Tunics,regular,short sleeves,puff sleeves,regular
57678,Women Tops & Tunics,regular,short sleeves,puff sleeves,regular
57687,Women Tops & Tunics,regular,short sleeves,regular sleeves,regular
57690,Women Tops & Tunics,regular,short sleeves,puff sleeves,regular
57763,Women Tops & Tunics,regular,short sleeves,puff sleeves,regular
57788,Women Tops & Tunics,regular,short sleeves,puff sleeves,regular
57790,Women Tops & Tunics,regular,short sleeves,puff sleeves,regular
57812,Women Tops & Tunics,regular,short sleeves,puff sleeves,regular
57834,Women Tops & Tunics,boxy,short sleeves,regular sleeves,crop
57836,Women Tops & Tunics,regular,short sleeves,puff sleeves,regular
57846,Women Tops & Tunics,fitted,short sleeves,puff sleeves,regular
57898,Women Tops & Tunics,regular,short sleeves,puff sleeves,regular
57912,Women Tops & Tunics,regular,short sleeves,puff sleeves,regular
57949,Women Tops & Tunics,regular,short sleeves,regular sleeves,regular
57981,Women Tops & Tunics,regular,short sleeves,regular sleeves,regular
57991,Women Tops & Tunics,regular,short sleeves,puff sleeves,regular
58001,Women Tops & Tunics,regular,long sleeves,puff sleeves,regular
58012,Women Tops & Tunics,regular,short sleeves,puff sleeves,regular
58042,Women Tops & Tunics,regular,short sleeves,puff sleeves,regular
58053,Women Tops & Tunics,regular,short sleeves,puff sleeves,regular
58101,Women Tops & Tunics,regular,short sleeves,puff sleeves,regular
58132,Women Tops & Tunics,regular,short sleeves,puff sleeves,regular
58170,Women Tops & Tunics,regular,short sleeves,puff sleeves,regular
58207,Women Tops & Tunics,regular,short sleeves,puff sleeves,regular
58239,Women Tops & Tunics,regular,short sleeves,puff sleeves,regular
58330,Women Tops & Tunics,regular,long sleeves,regular sleeves,regular
58343,Women Tops & Tunics,regular,short sleeves,puff sleeves,regular
58375,Women Tops & Tunics,fitted,short sleeves,puff sleeves,regular
58398,Women Tops & Tunics,regular,short sleeves,puff sleeves,regular
58410,Women Tops & Tunics,regular,short sleeves,puff sleeves,regular
58440,Women Tops & Tunics,regular,short sleeves,puff sleeves,regular
58463,Women Tops & Tunics,regular,three-quarter sleeves,regular sleeves,regular
58483,Women Tops & Tunics,regular,short sleeves,puff sleeves,regular
58546,Women Tops & Tunics,regular,short sleeves,puff sleeves,regular
58554,Women Tops & Tunics,regular,three-quarter sleeves,regular sleeves,regular
58594,Women Tops & Tunics,regular,short sleeves,puff sleeves,regular
58599,Women Tops & Tunics,regular,short sleeves,puff sleeves,regular
58606,Women Tops & Tunics,regular,short sleeves,puff sleeves,regular
58621,Women Tops & Tunics,regular,short sleeves,puff sleeves,regular
58631,Women Tops & Tunics,regular,short sleeves,puff sleeves,regular
58634,Women Tops & Tunics,regular,short sleeves,puff sleeves,regular
58656,Women Tops & Tunics,regular,short sleeves,regular sleeves,regular
58694,Women Tops & Tunics,regular,short sleeves,puff sleeves,regular
58710,Women Tops & Tunics,regular,short sleeves,puff sleeves,regular
58717,Women Tops & Tunics,regular,short sleeves,puff sleeves,regular
58730,Women Tops & Tunics,regular,long sleeves,regular sleeves,regular
58741,Women Tops & Tunics,regular,short sleeves,regular sleeves,regular
58749,Women Tops & Tunics,regular,short sleeves,puff sleeves,regular
58767,Women Tops & Tunics,regular,short sleeves,puff sleeves,regular
58800,Women Tops & Tunics,regular,short sleeves,puff sleeves,regular
58805,Women Tops & Tunics,regular,short sleeves,puff sleeves,regular
58839,Women Tops & Tunics,regular,short sleeves,puff sleeves,regular
58844,Women Tops & Tunics,fitted,short sleeves,puff sleeves,regular
58847,Women Tops & Tunics,regular,short sleeves,regular sleeves,regular
58871,Women Tops & Tunics,regular,short sleeves,puff sleeves,regular
58895,Women Tops & Tunics,regular,short sleeves,puff sleeves,regular
58929,Women Tops & Tunics,regular,short sleeves,puff sleeves,regular
58930,Women Tops & Tunics,regular,short sleeves,puff sleeves,regular
58932,Women Tops & Tunics,boxy,long sleeves,regular sleeves,crop
58943,Women Tops & Tunics,regular,short sleeves,puff sleeves,regular
59041,Women Tops & Tunics,regular,short sleeves,puff sleeves,regular
59053,Women Tops & Tunics,regular,short sleeves,puff sleeves,regular
59058,Women Tops & Tunics,regular,short sleeves,puff sleeves,regular
59063,Women Tops & Tunics,regular,short sleeves,puff sleeves,regular
59080,Women Tops & Tunics,boxy,short sleeves,regular sleeves,crop
59086,Women Tops & Tunics,regular,short sleeves,puff sleeves,regular
59087,Women Tops & Tunics,regular,short sleeves,puff sleeves,regular
59099,Women Tops & Tunics,regular,short sleeves,puff sleeves,regular
59104,Women Tops & Tunics,regular,short sleeves,puff sleeves,regular
59107,Women Tops & Tunics,regular,three-quarter sleeves,regular sleeves,regular
59135,Women Tops & Tunics,regular,short sleeves,puff sleeves,regular
59147,Women Tops & Tunics,regular,short sleeves,puff sleeves,regular
59159,Women Tops & Tunics,fitted,long sleeves,puff sleeves,regular
59200,Women Tops & Tunics,regular,short sleeves,puff sleeves,regular
59205,Women Tops & Tunics,regular,short sleeves,puff sleeves,regular
59210,Women Tops & Tunics,regular,short sleeves,regular sleeves,regular
59212,Women Tops & Tunics,regular,short sleeves,puff sleeves,regular
59234,Women Tops & Tunics,regular,short sleeves,puff sleeves,regular
59254,Women Tops & Tunics,regular,short sleeves,puff sleeves,regular
59267,Women Tops & Tunics,regular,short sleeves,puff sleeves,regular
59268,Women Tops & Tunics,regular,short sleeves,puff sleeves,regular
59270,Women Tops & Tunics,regular,short sleeves,puff sleeves,regular
59308,Women Tops & Tunics,regular,short sleeves,puff sleeves,regular
59310,Women Tops & Tunics,regular,short sleeves,puff sleeves,regular
59331,Women Tops & Tunics,regular,short sleeves,puff sleeves,regular
59333,Women Tops & Tunics,regular,short sleeves,puff sleeves,regular
59348,Women Tops & Tunics,regular,short sleeves,puff sleeves,regular
59414,Women Tops & Tunics,regular,short sleeves,puff sleeves,regular
59429,Women Tops & Tunics,regular,short sleeves,puff sleeves,regular
59447,Women Tops & Tunics,regular,short sleeves,puff sleeves,regular
59461,Women Tops & Tunics,fitted,short sleeves,puff sleeves,regular
59492,Women Tops & Tunics,regular,short sleeves,puff sleeves,regular
59510,Women Tops & Tunics,regular,short sleeves,regular sleeves,regular
59551,Women Tops & Tunics,regular,short sleeves,puff sleeves,regular
59557,Women Tops & Tunics,regular,short sleeves,puff sleeves,regular
59563,Women Tops & Tunics,regular,short sleeves,puff sleeves,regular
59571,Women Tops & Tunics,regular,short sleeves,puff sleeves,regular
59575,Women Tops & Tunics,regular,short sleeves,puff sleeves,regular
59592,Women Tops & Tunics,regular,short sleeves,puff sleeves,regular
59599,Women Tops & Tunics,regular,long sleeves,puff sleeves,regular
59614,Women Tops & Tunics,regular,short sleeves,puff sleeves,regular
59629,Women Tops & Tunics,regular,long sleeves,puff sleeves,regular
59674,Women Tops & Tunics,regular,short sleeves,puff sleeves,regular
59684,Women Tops & Tunics,fitted,short sleeves,puff sleeves,regular
59691,Women Tops & Tunics,regular,short sleeves,regular sleeves,regular
59694,Women Tops & Tunics,regular,short sleeves,puff sleeves,regular
59704,Women Tops & Tunics,regular,short sleeves,regular sleeves,regular
59727,Women Tops & Tunics,regular,short sleeves,puff sleeves,regular
59752,Women Tops & Tunics,regular,short sleeves,puff sleeves,regular
59762,Women Tops & Tunics,regular,short sleeves,puff sleeves,regular
59827,Women Tops & Tunics,regular,short sleeves,puff sleeves,regular
59841,Women Tops & Tunics,regular,short sleeves,puff sleeves,regular
59843,Women Tops & Tunics,regular,three-quarter sleeves,regular sleeves,regular
59862,Women Tops & Tunics,regular,short sleeves,puff sleeves,regular
59976,Women Tops & Tunics,fitted,short sleeves,puff sleeves,regular
59993,Women Tops & Tunics,regular,short sleeves,regular sleeves,regular
60042,Women Tops & Tunics,regular,short sleeves,puff sleeves,regular
60045,Women Tops & Tunics,regular,short sleeves,puff sleeves,regular
60049,Women Tops & Tunics,regular,short sleeves,puff sleeves,regular
60052,Women Tops & Tunics,regular,short sleeves,puff sleeves,regular
60122,Women Tops & Tunics,regular,short sleeves,puff sleeves,regular
60141,Women Tops & Tunics,regular,short sleeves,puff sleeves,regular
60156,Women Tops & Tunics,regular,long sleeves,puff sleeves,regular
60189,Women Tops & Tunics,regular,short sleeves,puff sleeves,regular
60190,Women Tops & Tunics,regular,short sleeves,puff sleeves,regular
60241,Women Tops & Tunics,regular,short sleeves,puff sleeves,regular
60282,Women Tops & Tunics,regular,short sleeves,puff sleeves,regular
60290,Women Tops & Tunics,regular,short sleeves,puff sleeves,regular
60302,Women Tops & Tunics,fitted,short sleeves,puff sleeves,regular
60314,Women Tops & Tunics,regular,short sleeves,puff sleeves,regular
60342,Women Tops & Tunics,regular,short sleeves,puff sleeves,regular
60358,Women Tops & Tunics,regular,short sleeves,puff sleeves,regular
60387,Women Tops & Tunics,regular,short sleeves,puff sleeves,regular
60401,Women Tops & Tunics,regular,short sleeves,puff sleeves,regular
60510,Women Tops & Tunics,regular,short sleeves,puff sleeves,regular
60530,Women Tops & Tunics,regular,three-quarter sleeves,regular sleeves,regular
60531,Women Tops & Tunics,regular,three-quarter sleeves,regular sleeves,regular
60543,Women Tops & Tunics,regular,short sleeves,puff sleeves,regular
60567,Women Tops & Tunics,regular,short sleeves,puff sleeves,regular
60579,Women Tops & Tunics,regular,long sleeves,regular sleeves,regular
60588,Women Tops & Tunics,regular,short sleeves,puff sleeves,regular
60602,Women Tops & Tunics,regular,short sleeves,puff sleeves,regular
60609,Women Tops & Tunics,regular,short sleeves,regular sleeves,regular
60626,Women Tops & Tunics,regular,short sleeves,puff sleeves,regular
60630,Women Tops & Tunics,regular,short sleeves,regular sleeves,regular
60638,Women Tops & Tunics,regular,short sleeves,puff sleeves,regular
60649,Women Tops & Tunics,regular,short sleeves,puff sleeves,regular
60652,Women Tops & Tunics,fitted,short sleeves,puff sleeves,regular
60670,Women Tops & Tunics,regular,short sleeves,puff sleeves,regular
60674,Women Tops & Tunics,regular,short sleeves,puff sleeves,regular
60703,Women Tops & Tunics,regular,short sleeves,puff sleeves,regular
60716,Women Tops & Tunics,regular,short sleeves,puff sleeves,regular
60719,Women Tops & Tunics,regular,short sleeves,puff sleeves,regular
60720,Women Tops & Tunics,regular,short sleeves,puff sleeves,regular
60727,Women Tops & Tunics,regular,short sleeves,puff sleeves,regular
60746,Women Tops & Tunics,regular,short sleeves,puff sleeves,regular
60818,Women Tops & Tunics,regular,short sleeves,puff sleeves,regular
60825,Women Tops & Tunics,regular,short sleeves,puff sleeves,regular
60838,Women Tops & Tunics,regular,short sleeves,puff sleeves,regular
60884,Women Tops & Tunics,regular,short sleeves,puff sleeves,regular
60926,Women Tops & Tunics,regular,short sleeves,regular sleeves,regular
60937,Women Tops & Tunics,regular,short sleeves,puff sleeves,regular
60945,Women Tops & Tunics,regular,short sleeves,puff sleeves,regular
60955,Women Tops & Tunics,regular,short sleeves,puff sleeves,regular
60958,Women Tops & Tunics,regular,three-quarter sleeves,regular sleeves,regular
60985,Women Tops & Tunics,regular,short sleeves,puff sleeves,regular
61004,Women Tops & Tunics,regular,short sleeves,puff sleeves,regular
61011,Women Tops & Tunics,regular,long sleeves,puff sleeves,regular
61074,Women Tops & Tunics,regular,short sleeves,puff sleeves,regular
61122,Women Tops & Tunics,regular,short sleeves,puff sleeves,regular
61130,Women Tops & Tunics,regular,short sleeves,puff sleeves,regular
61232,Women Tops & Tunics,boxy,short sleeves,regular sleeves,crop
61248,Women Tops & Tunics,regular,short sleeves,puff sleeves,regular
61252,Women Tops & Tunics,regular,short sleeves,puff sleeves,regular
61359,Women Tops & Tunics,regular,short sleeves,puff sleeves,regular
61364,Women Tops & Tunics,regular,three-quarter sleeves,regular sleeves,regular
61370,Women Tops & Tunics,fitted,short sleeves,puff sleeves,regular
61379,Women Tops & Tunics,regular,short sleeves,regular sleeves,regular
61406,Women Tops & Tunics,regular,short sleeves,puff sleeves,regular
61475,Women Tops & Tunics,regular,short sleeves,puff sleeves,regular
61503,Women Tops & Tunics,regular,short sleeves,puff sleeves,regular
61506,Women Tops & Tunics,regular,long sleeves,regular sleeves,regular
61515,Women Tops & Tunics,regular,short sleeves,puff sleeves,regular
61519,Women Tops & Tunics,regular,short sleeves,puff sleeves,regular
61544,Women Tops & Tunics,regular,long sleeves,puff sleeves,regular
61560,Women Tops & Tunics,regular,short sleeves,puff sleeves,regular
61602,Women Tops & Tunics,regular,short sleeves,puff sleeves,regular
61607,Women Tops & Tunics,regular,short sleeves,puff sleeves,regular
61651,Women Tops & Tunics,regular,short sleeves,puff sleeves,regular
61662,Women Tops & Tunics,regular,short sleeves,puff sleeves,regular
61721,Women Tops & Tunics,regular,short sleeves,puff sleeves,regular
61749,Women Tops & Tunics,fitted,short sleeves,puff sleeves,regular
61752,Women Tops & Tunics,boxy,short sleeves,regular sleeves,crop
61754,Women Tops & Tunics,boxy,short sleeves,regular sleeves,crop
61770,Women Tops & Tunics,regular,short sleeves,puff sleeves,regular
61791,Women Tops & Tunics,regular,short sleeves,puff sleeves,regular
61818,Women Tops & Tunics,regular,short sleeves,puff sleeves,regular
61819,Women Tops & Tunics,regular,long sleeves,puff sleeves,regular
61952,Women Tops & Tunics,regular,long sleeves,puff sleeves,regular
61959,Women Tops & Tunics,regular,short sleeves,puff sleeves,regular
61973,Women Tops & Tunics,regular,short sleeves,puff sleeves,regular
62033,Women Tops & Tunics,regular,long sleeves,regular sleeves,regular
62088,Women Tops & Tunics,regular,short sleeves,puff sleeves,regular
62090,Women Tops & Tunics,regular,short sleeves,puff sleeves,regular
62118,Women Tops & Tunics,regular,short sleeves,puff sleeves,regular
62134,Women Tops & Tunics,regular,long sleeves,regular sleeves,regular
62153,Women Tops & Tunics,regular,three-quarter sleeves,regular sleeves,regular
62175,Women Tops & Tunics,regular,short sleeves,puff sleeves,regular
62179,Women Tops & Tunics,regular,short sleeves,puff sleeves,regular
62182,Women Tops & Tunics,regular,short sleeves,puff sleeves,regular
62223,Women Tops & Tunics,regular,short sleeves,puff sleeves,regular
62227,Women Tops & Tunics,regular,short sleeves,puff sleeves,regular
62230,Women Tops & Tunics,regular,short sleeves,puff sleeves,regular
62314,Women Tops & Tunics,regular,short sleeves,puff sleeves,regular
62317,Women Tops & Tunics,regular,short sleeves,puff sleeves,regular
62319,Women Tops & Tunics,boxy,short sleeves,regular sleeves,crop
62410,Women Tops & Tunics,regular,three-quarter sleeves,regular sleeves,regular
62412,Women Tops & Tunics,regular,short sleeves,puff sleeves,regular
62423,Women Tops & Tunics,regular,short sleeves,puff sleeves,regular
62432,Women Tops & Tunics,regular,short sleeves,puff sleeves,regular
62440,Women Tops & Tunics,regular,short sleeves,puff sleeves,regular
62446,Women Tops & Tunics,regular,short sleeves,puff sleeves,regular
62522,Women Tops & Tunics,regular,long sleeves,regular sleeves,regular
62536,Women Tops & Tunics,regular,short sleeves,puff sleeves,regular
62555,Women Tops & Tunics,regular,short sleeves,puff sleeves,regular
62617,Women Tops & Tunics,regular,short sleeves,puff sleeves,regular
62658,Women Tops & Tunics,regular,short sleeves,puff sleeves,regular
62678,Women Tops & Tunics,regular,short sleeves,puff sleeves,regular
62703,Women Tops & Tunics,regular,short sleeves,puff sleeves,regular
62721,Women Tops & Tunics,regular,short sleeves,puff sleeves,regular
62730,Women Tops & Tunics,regular,short sleeves,puff sleeves,regular
62771,Women Tops & Tunics,regular,short sleeves,puff sleeves,regular
62780,Women Tops & Tunics,regular,short sleeves,puff sleeves,regular
62826,Women Tops & Tunics,regular,short sleeves,puff sleeves,regular
62835,Women Tops & Tunics,regular,short sleeves,puff sleeves,regular
62836,Women Tops & Tunics,regular,short sleeves,puff sleeves,regular
62841,Women Tops & Tunics,regular,short sleeves,puff sleeves,regular
62848,Women Tops & Tunics,regular,short sleeves,puff sleeves,regular
62853,Women Tops & Tunics,regular,long sleeves,puff sleeves,regular
62867,Women Tops & Tunics,regular,short sleeves,puff sleeves,regular
62883,Women Tops & Tunics,regular,short sleeves,puff sleeves,regular
62907,Women Tops & Tunics,regular,long sleeves,puff sleeves,regular
62916,Women Tops & Tunics,regular,short sleeves,puff sleeves,regular
62941,Women Tops & Tunics,regular,short sleeves,puff sleeves,regular
62980,Women Tops & Tunics,regular,short sleeves,puff sleeves,regular
62992,Women Tops & Tunics,regular,three-quarter sleeves,regular sleeves,regular
63049,Women Tops & Tunics,regular,short sleeves,puff sleeves,regular
63050,Women Tops & Tunics,regular,short sleeves,puff sleeves,regular
63059,Women Tops & Tunics,regular,short sleeves,puff sleeves,regular
63077,Women Tops & Tunics,regular,short sleeves,puff sleeves,regular
63098,Women Tops & Tunics,fitted,short sleeves,regular sleeves,regular
63104,Women Tops & Tunics,regular,short sleeves,puff sleeves,regular
63123,Women Tops & Tunics,regular,short sleeves,puff sleeves,regular
63127,Women Tops & Tunics,regular,long sleeves,puff sleeves,regular
63183,Women Tops & Tunics,regular,short sleeves,puff sleeves,regular
63193,Women Tops & Tunics,regular,short sleeves,puff sleeves,regular
63207,Women Tops & Tunics,regular,three-quarter sleeves,regular sleeves,regular
63209,Women Tops & Tunics,regular,three-quarter sleeves,regular sleeves,regular
63233,Women Tops & Tunics,regular,short sleeves,puff sleeves,regular
63238,Women Tops & Tunics,regular,short sleeves,puff sleeves,regular
63240,Women Tops & Tunics,regular,long sleeves,regular sleeves,regular
63247,Women Tops & Tunics,regular,short sleeves,puff sleeves,regular
63301,Women Tops & Tunics,regular,long sleeves,regular sleeves,regular
63311,Women Tops & Tunics,fitted,short sleeves,puff sleeves,regular
63319,Women Tops & Tunics,regular,short sleeves,puff sleeves,regular
63331,Women Tops & Tunics,regular,short sleeves,puff sleeves,regular
63333,Women Tops & Tunics,regular,short sleeves,puff sleeves,regular
63343,Women Tops & Tunics,regular,short sleeves,puff sleeves,regular
63353,Women Tops & Tunics,regular,short sleeves,puff sleeves,regular
63359,Women Tops & Tunics,regular,short sleeves,puff sleeves,regular
63363,Women Tops & Tunics,regular,short sleeves,puff sleeves,regular
63377,Women Tops & Tunics,regular,short sleeves,puff sleeves,regular
63385,Women Tops & Tunics,regular,three-quarter sleeves,regular sleeves,regular
63399,Women Tops & Tunics,regular,short sleeves,puff sleeves,regular
63460,Women Tops & Tunics,regular,three-quarter sleeves,regular sleeves,regular
63472,Women Tops & Tunics,regular,short sleeves,puff sleeves,regular
63483,Women Tops & Tunics,regular,short sleeves,puff sleeves,regular
63498,Women Tops & Tunics,regular,short sleeves,puff sleeves,regular
63516,Women Tops & Tunics,regular,short sleeves,puff sleeves,regular
63524,Women Tops & Tunics,regular,short sleeves,puff sleeves,regular
63593,Women Tops & Tunics,regular,short sleeves,puff sleeves,regular
63614,Women Tops & Tunics,regular,long sleeves,puff sleeves,regular
63615,Women Tops & Tunics,regular,long sleeves,regular sleeves,regular
63623,Women Tops & Tunics,regular,short sleeves,puff sleeves,regular
63634,Women Tops & Tunics,regular,short sleeves,puff sleeves,regular
63671,Women Tops & Tunics,regular,short sleeves,puff sleeves,regular
63706,Women Tops & Tunics,regular,short sleeves,puff sleeves,regular
63727,Women Tops & Tunics,regular,short sleeves,regular sleeves,regular
63735,Women Tops & Tunics,regular,long sleeves,puff sleeves,regular
63742,Women Tops & Tunics,regular,three-quarter sleeves,regular sleeves,regular
63744,Women Tops & Tunics,regular,short sleeves,regular sleeves,regular
63748,Women Tops & Tunics,regular,short sleeves,puff sleeves,regular
63770,Women Tops & Tunics,regular,short sleeves,puff sleeves,regular
63805,Women Tops & Tunics,regular,short sleeves,puff sleeves,regular
63927,Women Tops & Tunics,regular,short sleeves,puff sleeves,regular
63953,Women Tops & Tunics,regular,short sleeves,puff sleeves,regular
63967,Women Tops & Tunics,regular,short sleeves,puff sleeves,regular
63987,Women Tops & Tunics,regular,short sleeves,puff sleeves,regular
64013,Women Tops & Tunics,regular,short sleeves,puff sleeves,regular
64157,Women Tops & Tunics,regular,short sleeves,regular sleeves,regular
64176,Women Tops & Tunics,regular,short sleeves,puff sleeves,regular
64184,Women Tops & Tunics,regular,short sleeves,regular sleeves,regular
64207,Women Tops & Tunics,regular,short sleeves,puff sleeves,regular
64212,Women Tops & Tunics,boxy,short sleeves,regular sleeves,crop
64224,Women Tops & Tunics,regular,short sleeves,puff sleeves,regular
64248,Women Tops & Tunics,regular,short sleeves,puff sleeves,regular
64411,Women Tops & Tunics,regular,short sleeves,puff sleeves,regular
64438,Women Tops & Tunics,fitted,short sleeves,regular sleeves,crop
64446,Women Tops & Tunics,fitted,short sleeves,puff sleeves,regular
64496,Women Tops & Tunics,regular,short sleeves,puff sleeves,regular
64521,Women Tops & Tunics,regular,short sleeves,puff sleeves,regular
64524,Women Tops & Tunics,regular,short sleeves,puff sleeves,regular
64536,Women Tops & Tunics,regular,short sleeves,puff sleeves,regular
64549,Women Tops & Tunics,regular,short sleeves,puff sleeves,regular
64555,Women Tops & Tunics,regular,short sleeves,puff sleeves,regular
64595,Women Tops & Tunics,regular,short sleeves,puff sleeves,regular
64630,Women Tops & Tunics,regular,short sleeves,puff sleeves,regular
64661,Women Tops & Tunics,boxy,short sleeves,regular sleeves,crop
64672,Women Tops & Tunics,regular,short sleeves,puff sleeves,regular
64689,Women Tops & Tunics,fitted,short sleeves,puff sleeves,regular
64697,Women Tops & Tunics,regular,short sleeves,puff sleeves,regular
64711,Women Tops & Tunics,regular,short sleeves,puff sleeves,regular
64722,Women Tops & Tunics,fitted,short sleeves,puff sleeves,regular
64748,Women Tops & Tunics,regular,long sleeves,regular sleeves,regular
64754,Women Tops & Tunics,regular,short sleeves,puff sleeves,regular
64757,Women Tops & Tunics,regular,short sleeves,puff sleeves,regular
64766,Women Tops & Tunics,regular,long sleeves,puff sleeves,regular
64767,Women Tops & Tunics,regular,long sleeves,regular sleeves,regular
64779,Women Tops & Tunics,regular,short sleeves,puff sleeves,regular
64809,Women Tops & Tunics,regular,short sleeves,puff sleeves,regular
64818,Women Tops & Tunics,regular,long sleeves,puff sleeves,regular
64837,Women Tops & Tunics,regular,short sleeves,puff sleeves,regular
64860,Women Tops & Tunics,regular,short sleeves,puff sleeves,regular
64863,Women Tops & Tunics,fitted,short sleeves,regular sleeves,regular
64895,Women Tops & Tunics,regular,short sleeves,puff sleeves,regular
64914,Women Tops & Tunics,regular,short sleeves,puff sleeves,regular
64918,Women Tops & Tunics,regular,short sleeves,puff sleeves,regular
64931,Women Tops & Tunics,regular,short sleeves,puff sleeves,regular
64934,Women Tops & Tunics,regular,long sleeves,puff sleeves,regular
64939,Women Tops & Tunics,regular,short sleeves,puff sleeves,regular
64960,Women Tops & Tunics,regular,short sleeves,puff sleeves,regular
64989,Women Tops & Tunics,regular,short sleeves,puff sleeves,regular
64993,Women Tops & Tunics,regular,short sleeves,regular sleeves,regular
65017,Women Tops & Tunics,regular,short sleeves,puff sleeves,regular
65026,Women Tops & Tunics,regular,three-quarter sleeves,regular sleeves,regular
65061,Women Tops & Tunics,boxy,short sleeves,regular sleeves,crop
65072,Women Tops & Tunics,regular,short sleeves,puff sleeves,regular
65094,Women Tops & Tunics,regular,short sleeves,puff sleeves,regular
65132,Women Tops & Tunics,regular,short sleeves,puff sleeves,regular
65138,Women Tops & Tunics,regular,short sleeves,puff sleeves,regular
65177,Women Tops & Tunics,regular,three-quarter sleeves,regular sleeves,regular
65235,Women Tops & Tunics,regular,short sleeves,puff sleeves,regular
65242,Women Tops & Tunics,regular,short sleeves,puff sleeves,regular
65259,Women Tops & Tunics,regular,long sleeves,puff sleeves,regular
65304,Women Tops & Tunics,regular,short sleeves,puff sleeves,regular
65314,Women Tops & Tunics,regular,short sleeves,puff sleeves,regular
65322,Women Tops & Tunics,regular,short sleeves,puff sleeves,regular
65337,Women Tops & Tunics,regular,short sleeves,puff sleeves,regular
65350,Women Tops & Tunics,regular,short sleeves,puff sleeves,regular
65354,Women Tops & Tunics,regular,short sleeves,puff sleeves,regular
65378,Women Tops & Tunics,fitted,short sleeves,puff sleeves,regular
65391,Women Tops & Tunics,fitted,long sleeves,puff sleeves,regular
65396,Women Tops & Tunics,regular,short sleeves,puff sleeves,regular
65407,Women Tops & Tunics,regular,short sleeves,puff sleeves,regular
65451,Women Tops & Tunics,regular,short sleeves,puff sleeves,regular
65454,Women Tops & Tunics,regular,short sleeves,puff sleeves,regular
65457,Women Tops & Tunics,regular,short sleeves,puff sleeves,regular
65473,Women Tops & Tunics,regular,short sleeves,puff sleeves,regular
65493,Women Tops & Tunics,regular,short sleeves,regular sleeves,regular
65508,Women Tops & Tunics,regular,short sleeves,puff sleeves,regular
65526,Women Tops & Tunics,regular,short sleeves,puff sleeves,regular
65533,Women Tops & Tunics,regular,short sleeves,puff sleeves,regular
65537,Women Tops & Tunics,regular,three-quarter sleeves,regular sleeves,regular
65542,Women Tops & Tunics,regular,short sleeves,puff sleeves,regular
65557,Women Tops & Tunics,regular,short sleeves,puff sleeves,regular
65563,Women Tops & Tunics,regular,long sleeves,regular sleeves,regular
65573,Women Tops & Tunics,boxy,short sleeves,regular sleeves,crop
65577,Women Tops & Tunics,regular,short sleeves,puff sleeves,regular
65611,Women Tops & Tunics,regular,short sleeves,puff sleeves,regular
65700,Women Tops & Tunics,regular,long sleeves,puff sleeves,regular
65707,Women Tops & Tunics,fitted,short sleeves,puff sleeves,regular
65708,Women Tops & Tunics,regular,short sleeves,puff sleeves,regular
65726,Women Tops & Tunics,regular,short sleeves,puff sleeves,regular
65730,Women Tops & Tunics,regular,short sleeves,puff sleeves,regular
65747,Women Tops & Tunics,regular,short sleeves,puff sleeves,regular
65752,Women Tops & Tunics,regular,short sleeves,puff sleeves,regular
65783,Women Tops & Tunics,regular,long sleeves,regular sleeves,regular
65812,Women Tops & Tunics,regular,short sleeves,puff sleeves,regular
65862,Women Tops & Tunics,regular,short sleeves,puff sleeves,regular
65891,Women Tops & Tunics,regular,short sleeves,puff sleeves,regular
65895,Women Tops & Tunics,regular,short sleeves,puff sleeves,regular
65897,Women Tops & Tunics,fitted,short sleeves,puff sleeves,regular
65907,Women Tops & Tunics,regular,short sleeves,puff sleeves,regular
65938,Women Tops & Tunics,regular,short sleeves,puff sleeves,regular
65948,Women Tops & Tunics,regular,short sleeves,puff sleeves,regular
65949,Women Tops & Tunics,regular,short sleeves,puff sleeves,regular
65980,Women Tops & Tunics,regular,short sleeves,puff sleeves,regular
66025,Women Tops & Tunics,regular,short sleeves,puff sleeves,regular
66035,Women Tops & Tunics,regular,short sleeves,puff sleeves,regular
66037,Women Tops & Tunics,boxy,short sleeves,regular sleeves,crop
66058,Women Tops & Tunics,regular,short sleeves,puff sleeves,regular
66067,Women Tops & Tunics,regular,long sleeves,puff sleeves,regular
66068,Women Tops & Tunics,regular,short sleeves,puff sleeves,regular
66106,Women Tops & Tunics,regular,short sleeves,puff sleeves,regular
66144,Women Tops & Tunics,regular,long sleeves,regular sleeves,regular
66152,Women Tops & Tunics,regular,short sleeves,puff sleeves,regular
66193,Women Tops & Tunics,fitted,short sleeves,puff sleeves,regular
66235,Women Tops & Tunics,regular,three-quarter sleeves,regular sleeves,regular
66242,Women Tops & Tunics,regular,short sleeves,regular sleeves,crop
66244,Women Tops & Tunics,regular,short sleeves,puff sleeves,regular
66258,Women Tops & Tunics,regular,short sleeves,regular sleeves,regular
66329,Women Tops & Tunics,fitted,short sleeves,puff sleeves,regular
66336,Women Tops & Tunics,regular,short sleeves,puff sleeves,regular
66388,Women Tops & Tunics,regular,short sleeves,puff sleeves,regular
66392,Women Tops & Tunics,regular,short sleeves,puff sleeves,regular
66430,Women Tops & Tunics,regular,short sleeves,puff sleeves,regular
66492,Women Tops & Tunics,regular,short sleeves,puff sleeves,regular
66497,Women Tops & Tunics,regular,short sleeves,puff sleeves,regular
66504,Women Tops & Tunics,regular,short sleeves,puff sleeves,regular
66516,Women Tops & Tunics,regular,short sleeves,puff sleeves,regular
66531,Women Tops & Tunics,regular,short sleeves,puff sleeves,regular
66538,Women Tops & Tunics,regular,short sleeves,puff sleeves,regular
66564,Women Tops & Tunics,boxy,short sleeves,regular sleeves,crop
66613,Women Tops & Tunics,regular,short sleeves,puff sleeves,regular
66656,Women Tops & Tunics,regular,short sleeves,puff sleeves,regular
66684,Women Tops & Tunics,regular,short sleeves,puff sleeves,regular
66723,Women Tops & Tunics,regular,short sleeves,puff sleeves,regular
66758,Women Tops & Tunics,regular,short sleeves,puff sleeves,regular
66759,Women Tops & Tunics,regular,short sleeves,puff sleeves,regular
66767,Women Tops & Tunics,regular,short sleeves,puff sleeves,regular
66772,Women Tops & Tunics,regular,short sleeves,puff sleeves,regular
66786,Women Tops & Tunics,regular,short sleeves,puff sleeves,regular
66810,Women Tops & Tunics,regular,short sleeves,puff sleeves,regular
66842,Women Tops & Tunics,regular,short sleeves,puff sleeves,regular
66856,Women Tops & Tunics,regular,short sleeves,puff sleeves,regular
66864,Women Tops & Tunics,regular,short sleeves,puff sleeves,regular
66877,Women Tops & Tunics,regular,short sleeves,puff sleeves,regular
66878,Women Tops & Tunics,regular,short sleeves,puff sleeves,regular
66909,Women Tops & Tunics,regular,short sleeves,default,regular
66959,Women Tops & Tunics,regular,long sleeves,puff sleeves,regular
66967,Women Tops & Tunics,regular,short sleeves,puff sleeves,regular
66970,Women Tops & Tunics,regular,short sleeves,puff sleeves,regular
66986,Women Tops & Tunics,regular,short sleeves,regular sleeves,regular
66993,Women Tops & Tunics,regular,short sleeves,puff sleeves,regular
67010,Women Tops & Tunics,fitted,short sleeves,puff sleeves,regular
67022,Women Tops & Tunics,regular,short sleeves,puff sleeves,regular
67055,Women Tops & Tunics,regular,short sleeves,puff sleeves,regular
67083,Women Tops & Tunics,fitted,short sleeves,regular sleeves,regular
67100,Women Tops & Tunics,regular,short sleeves,puff sleeves,regular
67125,Women Tops & Tunics,regular,short sleeves,puff sleeves,regular
67137,Women Tops & Tunics,regular,short sleeves,puff sleeves,regular
67154,Women Tops & Tunics,boxy,short sleeves,regular sleeves,crop
67161,Women Tops & Tunics,regular,short sleeves,puff sleeves,regular
67179,Women Tops & Tunics,regular,long sleeves,puff sleeves,regular
67182,Women Tops & Tunics,regular,short sleeves,puff sleeves,regular
67193,Women Tops & Tunics,regular,short sleeves,puff sleeves,regular
67219,Women Tops & Tunics,regular,short sleeves,puff sleeves,regular
67221,Women Tops & Tunics,regular,short sleeves,puff sleeves,regular
67244,Women Tops & Tunics,regular,short sleeves,puff sleeves,regular
67263,Women Tops & Tunics,regular,short sleeves,puff sleeves,regular
67285,Women Tops & Tunics,regular,short sleeves,puff sleeves,regular
67298,Women Tops & Tunics,regular,short sleeves,puff sleeves,regular
67308,Women Tops & Tunics,regular,long sleeves,regular sleeves,regular
67313,Women Tops & Tunics,regular,short sleeves,puff sleeves,regular
67319,Women Tops & Tunics,regular,short sleeves,puff sleeves,regular
67338,Women Tops & Tunics,regular,short sleeves,regular sleeves,regular
67347,Women Tops & Tunics,regular,short sleeves,puff sleeves,regular
67397,Women Tops & Tunics,regular,short sleeves,puff sleeves,regular
67409,Women Tops & Tunics,regular,short sleeves,puff sleeves,regular
67417,Women Tops & Tunics,regular,short sleeves,puff sleeves,regular
67448,Women Tops & Tunics,fitted,short sleeves,puff sleeves,regular
67453,Women Tops & Tunics,fitted,short sleeves,puff sleeves,regular
67484,Women Tops & Tunics,regular,short sleeves,puff sleeves,regular
67488,Women Tops & Tunics,regular,short sleeves,puff sleeves,regular
67522,Women Tops & Tunics,regular,long sleeves,regular sleeves,regular
67525,Women Tops & Tunics,regular,short sleeves,puff sleeves,regular
67532,Women Tops & Tunics,regular,short sleeves,puff sleeves,regular
67555,Women Tops & Tunics,a-line,three-quarter sleeves,regular,knee length
67566,Women Tops & Tunics,regular,short sleeves,puff sleeves,regular
67579,Women Tops & Tunics,regular,short sleeves,puff sleeves,regular
67639,Women Tops & Tunics,regular,short sleeves,puff sleeves,regular
67654,Women Tops & Tunics,regular,long sleeves,puff sleeves,regular
67658,Women Tops & Tunics,regular,short sleeves,puff sleeves,regular
67680,Women Tops & Tunics,regular,short sleeves,puff sleeves,regular
67753,Women Tops & Tunics,fitted,long sleeves,puff sleeves,regular
67770,Women Tops & Tunics,regular,short sleeves,puff sleeves,regular
67772,Women Tops & Tunics,regular,short sleeves,puff sleeves,regular
67812,Women Tops & Tunics,regular,short sleeves,puff sleeves,regular
67816,Women Tops & Tunics,regular,short sleeves,puff sleeves,regular
67818,Women Tops & Tunics,regular,short sleeves,puff sleeves,regular
67883,Women Tops & Tunics,regular,short sleeves,puff sleeves,regular
67889,Women Tops & Tunics,regular,short sleeves,puff sleeves,regular
67895,Women Tops & Tunics,boxy,default,regular sleeves,crop
67942,Women Tops & Tunics,regular,three-quarter sleeves,regular sleeves,regular
67988,Women Tops & Tunics,regular,short sleeves,puff sleeves,regular
67993,Women Tops & Tunics,regular,short sleeves,puff sleeves,regular
68047,Women Tops & Tunics,regular,short sleeves,puff sleeves,regular
68070,Women Tops & Tunics,regular,short sleeves,puff sleeves,regular
68095,Women Tops & Tunics,regular,long sleeves,regular sleeves,regular
68101,Women Tops & Tunics,regular,short sleeves,puff sleeves,regular
68115,Women Tops & Tunics,regular,short sleeves,puff sleeves,regular
68120,Women Tops & Tunics,regular,long sleeves,regular sleeves,regular
68139,Women Tops & Tunics,regular,long sleeves,puff sleeves,regular
68152,Women Tops & Tunics,regular,short sleeves,puff sleeves,regular
68161,Women Tops & Tunics,regular,short sleeves,puff sleeves,regular
68163,Women Tops & Tunics,regular,short sleeves,puff sleeves,regular
68170,Women Tops & Tunics,regular,short sleeves,puff sleeves,regular
68176,Women Tops & Tunics,regular,short sleeves,puff sleeves,regular
68187,Women Tops & Tunics,regular,three-quarter sleeves,regular sleeves,regular
68201,Women Tops & Tunics,regular,long sleeves,regular sleeves,regular
68206,Women Tops & Tunics,regular,short sleeves,puff sleeves,regular
68226,Women Tops & Tunics,regular,three-quarter sleeves,regular sleeves,regular
68236,Women Tops & Tunics,regular,long sleeves,puff sleeves,regular
68266,Women Tops & Tunics,regular,short sleeves,puff sleeves,regular
68278,Women Tops & Tunics,regular,short sleeves,puff sleeves,regular
68287,Women Tops & Tunics,regular,short sleeves,puff sleeves,regular
68291,Women Tops & Tunics,regular,short sleeves,puff sleeves,regular
68297,Women Tops & Tunics,regular,short sleeves,puff sleeves,regular
68310,Women Tops & Tunics,regular,short sleeves,regular sleeves,regular
68378,Women Tops & Tunics,regular,short sleeves,puff sleeves,regular
68412,Women Tops & Tunics,regular,short sleeves,puff sleeves,regular
68421,Women Tops & Tunics,regular,short sleeves,puff sleeves,regular
68449,Women Tops & Tunics,regular,short sleeves,puff sleeves,regular
68461,Women Tops & Tunics,regular,short sleeves,puff sleeves,regular
68471,Women Tops & Tunics,regular,short sleeves,puff sleeves,regular
68472,Women Tops & Tunics,regular,short sleeves,puff sleeves,regular
68500,Women Tops & Tunics,regular,short sleeves,puff sleeves,regular
68501,Women Tops & Tunics,regular,short sleeves,puff sleeves,regular
68509,Women Tops & Tunics,regular,short sleeves,puff sleeves,regular
68518,Women Tops & Tunics,regular,short sleeves,puff sleeves,regular
68519,Women Tops & Tunics,regular,short sleeves,puff sleeves,regular
68520,Women Tops & Tunics,regular,short sleeves,puff sleeves,regular
68542,Women Tops & Tunics,regular,short sleeves,puff sleeves,regular
68548,Women Tops & Tunics,regular,short sleeves,regular sleeves,regular
68549,Women Tops & Tunics,regular,short sleeves,puff sleeves,regular
68608,Women Tops & Tunics,regular,short sleeves,puff sleeves,regular
68617,Women Tops & Tunics,regular,short sleeves,puff sleeves,regular
68662,Women Tops & Tunics,regular,long sleeves,puff sleeves,regular
68665,Women Tops & Tunics,regular,short sleeves,puff sleeves,regular
68673,Women Tops & Tunics,regular,short sleeves,puff sleeves,regular
68692,Women Tops & Tunics,regular,short sleeves,regular sleeves,regular
68697,Women Tops & Tunics,regular,long sleeves,puff sleeves,regular
68699,Women Tops & Tunics,regular,short sleeves,puff sleeves,regular
68724,Women Tops & Tunics,regular,short sleeves,puff sleeves,regular
68740,Women Tops & Tunics,regular,short sleeves,puff sleeves,regular
68746,Women Tops & Tunics,regular,short sleeves,puff sleeves,regular
68776,Women Tops & Tunics,regular,short sleeves,puff sleeves,regular
68780,Women Tops & Tunics,boxy,short sleeves,regular sleeves,crop
68805,Women Tops & Tunics,regular,short sleeves,puff sleeves,regular
68842,Women Tops & Tunics,regular,short sleeves,puff sleeves,regular
68876,Women Tops & Tunics,regular,short sleeves,regular sleeves,crop
68880,Women Tops & Tunics,regular,short sleeves,puff sleeves,regular
68906,Women Tops & Tunics,regular,short sleeves,puff sleeves,regular
68917,Women Tops & Tunics,regular,short sleeves,puff sleeves,regular
68923,Women Tops & Tunics,regular,short sleeves,puff sleeves,regular
68946,Women Tops & Tunics,regular,short sleeves,puff sleeves,regular
68960,Women Tops & Tunics,regular,long sleeves,regular sleeves,regular
69011,Women Tops & Tunics,regular,short sleeves,regular sleeves,regular
69035,Women Tops & Tunics,fitted,short sleeves,puff sleeves,regular
69058,Women Tops & Tunics,regular,short sleeves,puff sleeves,regular
69070,Women Tops & Tunics,regular,short sleeves,puff sleeves,regular
69078,Women Tops & Tunics,regular,long sleeves,puff sleeves,regular
69088,Women Tops & Tunics,regular,short sleeves,puff sleeves,regular
69112,Women Tops & Tunics,regular,short sleeves,puff sleeves,regular
69114,Women Tops & Tunics,regular,short sleeves,puff sleeves,regular
69115,Women Tops & Tunics,regular,short sleeves,puff sleeves,regular
69156,Women Tops & Tunics,regular,short sleeves,puff sleeves,regular
69184,Women Tops & Tunics,regular,short sleeves,puff sleeves,regular
69211,Women Tops & Tunics,regular,short sleeves,puff sleeves,regular
69232,Women Tops & Tunics,regular,short sleeves,puff sleeves,regular
69236,Women Tops & Tunics,regular,long sleeves,regular sleeves,regular
69247,Women Tops & Tunics,regular,short sleeves,puff sleeves,regular
69248,Women Tops & Tunics,regular,short sleeves,puff sleeves,regular
69254,Women Tops & Tunics,regular,short sleeves,puff sleeves,regular
69280,Women Tops & Tunics,regular,short sleeves,puff sleeves,regular
69294,Women Tops & Tunics,regular,short sleeves,puff sleeves,regular
69306,Women Tops & Tunics,regular,short sleeves,puff sleeves,regular
69309,Women Tops & Tunics,regular,short sleeves,puff sleeves,regular
69332,Women Tops & Tunics,regular,short sleeves,puff sleeves,regular
69370,Women Tops & Tunics,regular,three-quarter sleeves,regular sleeves,regular
69380,Women Tops & Tunics,regular,short sleeves,puff sleeves,regular
69383,Women Tops & Tunics,regular,long sleeves,regular sleeves,regular
69421,Women Tops & Tunics,regular,short sleeves,puff sleeves,regular
69487,Women Tops & Tunics,regular,short sleeves,puff sleeves,regular
69530,Women Tops & Tunics,regular,short sleeves,puff sleeves,regular
69577,Women Tops & Tunics,regular,short sleeves,puff sleeves,regular
69581,Women Tops & Tunics,boxy,short sleeves,regular sleeves,crop
69635,Women Tops & Tunics,regular,long sleeves,puff sleeves,regular
69639,Women Tops & Tunics,regular,three-quarter sleeves,regular sleeves,regular
69672,Women Tops & Tunics,fitted,long sleeves,puff sleeves,regular
69673,Women Tops & Tunics,regular,short sleeves,puff sleeves,regular
69689,Women Tops & Tunics,regular,short sleeves,puff sleeves,regular
69697,Women Tops & Tunics,regular,short sleeves,puff sleeves,regular
69720,Women Tops & Tunics,regular,short sleeves,puff sleeves,regular
69729,Women Tops & Tunics,regular,short sleeves,puff sleeves,regular
69732,Women Tops & Tunics,fitted,short sleeves,puff sleeves,regular
69739,Women Tops & Tunics,regular,short sleeves,puff sleeves,regular
69787,Women Tops & Tunics,regular,short sleeves,puff sleeves,regular
69793,Women Tops & Tunics,regular,short sleeves,puff sleeves,regular
69796,Women Tops & Tunics,regular,short sleeves,puff sleeves,regular
69827,Women Tops & Tunics,regular,short sleeves,puff sleeves,regular
69850,Women Tops & Tunics,regular,short sleeves,puff sleeves,regular
69867,Women Tops & Tunics,regular,three-quarter sleeves,puff sleeves,regular
69927,Women Tops & Tunics,regular,short sleeves,puff sleeves,regular
69933,Women Tops & Tunics,regular,short sleeves,puff sleeves,regular
69974,Women Tops & Tunics,regular,short sleeves,puff sleeves,regular
70001,Women Tops & Tunics,regular,short sleeves,puff sleeves,regular
70035,Women Tops & Tunics,regular,short sleeves,puff sleeves,regular
70064,Women Tops & Tunics,regular,short sleeves,puff sleeves,regular
70065,Women Tops & Tunics,regular,short sleeves,puff sleeves,regular
70097,Women Tops & Tunics,regular,short sleeves,puff sleeves,regular
70111,Women Tops & Tunics,regular,short sleeves,puff sleeves,regular
70149,Women Tops & Tunics,regular,short sleeves,puff sleeves,regular
70179,Women Tops & Tunics,regular,long sleeves,regular sleeves,regular
70220,Women Tops & Tunics,regular,long sleeves,puff sleeves,regular
70236,Women Tops & Tunics,regular,short sleeves,puff sleeves,regular
70278,Women Tops & Tunics,regular,short sleeves,puff sleeves,regular
70286,Women Tops & Tunics,regular,short sleeves,puff sleeves,regular
70311,Women Tops & Tunics,regular,short sleeves,puff sleeves,regular
38269,Women Tshirts,regular,short sleeves,regular sleeves,crop
38757,Women Tshirts,regular,short sleeves,regular sleeves,crop
39387,Women Tshirts,regular,short sleeves,regular sleeves,regular
